ID,PARENTID,ORGTYPE,UIC,SUBUNIT,LDUIC,TITLE,PARNO,GRADE,POSCO,ERC,OFF,WO,ENL,MIL,CIV,AUTHEQP,RUNDATE
72060793789253524,72060794149340586,UN,WQEAAA,,,Headquarters and Headquarters Detachment,,,,,30,8,88,126,0,0,23-Mar-2026
72060793958881069,72060793789253524,UN,,,,Headquarters and Headquarters Company (HHC)/Engineer Brigade,,,,,30,8,88,126,0,0,23-Mar-2026
72060793958881070,72060793958881069,UN,,,,Command Group,101,,,,3,0,3,6,0,0,23-Mar-2026
72060793979034271,72060793958881070,BL,,,,Commander,101,O-6,12A00,,1,0,0,1,0,0,23-Mar-2026
72060793979034271,72060793979034271,EQ,,,,MASK SYSTEM CHEMICA,101,,M12986,A,0,0,0,0,0,1,23-Mar-2026
72060793979034271,72060793979034271,EQ,,,,"PISTOL,9MM,SEMIAUTO",101,,P05043,A,0,0,0,0,0,1,23-Mar-2026
72060793979034271,72060793979034271,EQ,,,,BAYONET MULTI SYS M9,101,,B49004,A,0,0,0,0,0,1,23-Mar-2026
72060793958881072,72060793958881070,CR,,,,1st Truck: Light Command and Control (C2) Vehicle,101,,,,0,0,1,1,0,0,23-Mar-2026
72060794020462640,72060793958881072,BL,,,,Vehicle Driver,101,E-4,88M1O,,0,0,1,1,0,0,23-Mar-2026
72060794020462640,72060794020462640,EQ,,,,CARBINE 5.56MILL M4A1,101,,C06935,A,0,0,0,0,0,1,23-Mar-2026
72060794020462640,72060794020462640,EQ,,,,MASK SYSTEM CHEMICA,101,,M12986,A,0,0,0,0,0,1,23-Mar-2026
72060794020462640,72060794020462640,EQ,,,,SIGHT BORE OPT M150,101,,S45729,A,0,0,0,0,0,1,23-Mar-2026
72060794020462640,72060794020462640,EQ,,,,BAYONET MULTI SYS M9,101,,B49004,A,0,0,0,0,0,1,23-Mar-2026
72060793958881072,72060793958881072,EQ,,,,RADIO SET AN/VRC-92F,101,,R45543,A,0,0,0,0,0,1,23-Mar-2026
72060793958881072,72060793958881072,EQ,,,,NIGHT VIS G AN/PVS-7A,101,,N05482,A,0,0,0,0,0,2,23-Mar-2026
72060793958881072,72060793958881072,EQ,,,,TR UT EX CAP: M1165A1,101,,T56383,A,0,0,0,0,0,1,23-Mar-2026
72060793958881072,72060793958881072,EQ,,,,ANT GRP OE-254()/GRC,101,,A79381,A,0,0,0,0,0,1,23-Mar-2026
72060793958881072,72060793958881072,EQ,,,,ENCRYPTION-DECRYPTI,101,,E05008,A,0,0,0,0,0,1,23-Mar-2026
72060793958881072,72060793958881072,EQ,,,,"COMPUTER SYSTEM,DIGIT",101,,C05036,A,0,0,0,0,0,1,23-Mar-2026
72060793958881072,72060793958881072,EQ,,,,SOFTWARE,101,,M05098,A,0,0,0,0,0,1,23-Mar-2026
72060793958881072,72060793958881072,EQ,,,,NA SE SA AN/PSN-13(A),101,,N96248,A,0,0,0,0,0,1,23-Mar-2026
72060793979034275,72060793958881070,BL,,,,Executive Officer (XO),101,O-5,12A00,,1,0,0,1,0,0,23-Mar-2026
72060793979034275,72060793979034275,EQ,,,,MASK SYSTEM CHEMICA,101,,M12986,A,0,0,0,0,0,1,23-Mar-2026
72060793979034275,72060793979034275,EQ,,,,"PISTOL,9MM,SEMIAUTO",101,,P05043,A,0,0,0,0,0,1,23-Mar-2026
72060793979034275,72060793979034275,EQ,,,,BAYONET MULTI SYS M9,101,,B49004,A,0,0,0,0,0,1,23-Mar-2026
72060793958881076,72060793958881070,CR,,,,2nd Truck: Light Command and Control (C2) Vehicle,101,,,,0,0,1,1,0,0,23-Mar-2026
72060793958881077,72060793958881076,BL,,,,Vehicle Driver,101,E-3,12B1O,,0,0,1,1,0,0,23-Mar-2026
72060793958881077,72060793958881077,EQ,,,,MASK SYSTEM CHEMICA,101,,M12986,A,0,0,0,0,0,1,23-Mar-2026
72060793958881077,72060793958881077,EQ,,,,SIGHT BORE OPT M150,101,,S45729,A,0,0,0,0,0,1,23-Mar-2026
72060793958881077,72060793958881077,EQ,,,,MACH GUN 5.56MM M249,101,,M09009,A,0,0,0,0,0,1,23-Mar-2026
72060793958881077,72060793958881077,EQ,,,,BAYONET MULTI SYS M9,101,,B49004,A,0,0,0,0,0,1,23-Mar-2026
72060793958881076,72060793958881076,EQ,,,,NIGHT VIS G AN/PVS-7A,101,,N05482,A,0,0,0,0,0,2,23-Mar-2026
72060793958881076,72060793958881076,EQ,,,,TR UT EX CAP: M1165A1,101,,T56383,A,0,0,0,0,0,1,23-Mar-2026
72060793958881076,72060793958881076,EQ,,,,RADIO SET AN/VRC-92F,101,,R45543,A,0,0,0,0,0,1,23-Mar-2026
72060793958881076,72060793958881076,EQ,,,,ANT GRP OE-254()/GRC,101,,A79381,A,0,0,0,0,0,1,23-Mar-2026
72060793958881076,72060793958881076,EQ,,,,ENCRYPTION-DECRYPTI,101,,E05008,A,0,0,0,0,0,1,23-Mar-2026
72060793958881076,72060793958881076,EQ,,,,"COMPUTER SYSTEM,DIGIT",101,,C05036,A,0,0,0,0,0,1,23-Mar-2026
72060793958881076,72060793958881076,EQ,,,,SOFTWARE,101,,M05098,A,0,0,0,0,0,1,23-Mar-2026
72060793958881076,72060793958881076,EQ,,,,NA SE SA AN/PSN-13(A),101,,N96248,A,0,0,0,0,0,1,23-Mar-2026
72060793979034278,72060793958881070,BL,,,,Engineer Staff Officer (TAC),101,O-3,12A00,,1,0,0,1,0,0,23-Mar-2026
72060793979034278,72060793979034278,EQ,,,,MASK SYSTEM CHEMICA,101,,M12986,A,0,0,0,0,0,1,23-Mar-2026
72060793979034278,72060793979034278,EQ,,,,CARBINE 5.56MILL M4A1,101,,C06935,A,0,0,0,0,0,1,23-Mar-2026
72060793979034278,72060793979034278,EQ,,,,SIGHT REFLEX COLLIMA,101,,S60288,A,0,0,0,0,0,1,23-Mar-2026
72060793979034278,72060793979034278,EQ,,,,BAYONET MULTI SYS M9,101,,B49004,A,0,0,0,0,0,1,23-Mar-2026
72060793958881079,72060793958881070,BL,,,,Command Sergeant Major (CSM),101,E-9,12A6O,,0,0,1,1,0,0,23-Mar-2026
72060793958881079,72060793958881079,EQ,,,,MASK SYSTEM CHEMICA,101,,M12986,A,0,0,0,0,0,1,23-Mar-2026
72060793958881079,72060793958881079,EQ,,,,BAYONET MULTI SYS M9,101,,B49004,A,0,0,0,0,0,1,23-Mar-2026
72060793958881079,72060793958881079,EQ,,,,"PISTOL,9MM,SEMIAUTO",101,,P05043,A,0,0,0,0,0,1,23-Mar-2026
72060793958881080,72060793958881070,CR,,,,Truck: Light Cargo/Troop,101,,,,0,0,0,0,0,0,23-Mar-2026
72060793958881080,72060793958881080,EQ,,,,NIGHT VIS G AN/PVS-7A,101,,N05482,A,0,0,0,0,0,2,23-Mar-2026
72060793958881080,72060793958881080,EQ,,,,RADIO SET AN/VRC-90F,101,,R68044,A,0,0,0,0,0,1,23-Mar-2026
72060793958881080,72060793958881080,EQ,,,,TRK UT EX CAP M1152A1,101,,T37588,A,0,0,0,0,0,1,23-Mar-2026
72060793958881080,72060793958881080,EQ,,,,ENCRYPTION-DECRYPTI,101,,E05008,A,0,0,0,0,0,1,23-Mar-2026
72060793958881080,72060793958881080,EQ,,,,"COMPUTER SYSTEM,DIGIT",101,,C05036,A,0,0,0,0,0,1,23-Mar-2026
72060793958881080,72060793958881080,EQ,,,,SOFTWARE,101,,M05098,A,0,0,0,0,0,1,23-Mar-2026
72060793958881080,72060793958881080,EQ,,,,NA SE SA AN/PSN-13(A),101,,N96248,A,0,0,0,0,0,1,23-Mar-2026
72060793958881070,72060793958881070,EQ,,,,COMPUTER SYS: DIG,101,,C27963,A,0,0,0,0,0,2,23-Mar-2026
72060793958881070,72060793958881070,EQ,,,,"TRANSFER UNIT,CRYPTOG",101,,C05002,A,0,0,0,0,0,1,23-Mar-2026
72060793958881081,72060793958881069,UN,,,,Company Headquarters/Headquarters and Headquarters Company (HHC),102,,,,2,0,14,16,0,0,23-Mar-2026
72060793979034282,72060793958881081,BL,,,,Commander,102,O-3,12A00,,1,0,0,1,0,0,23-Mar-2026
72060793979034282,72060793979034282,EQ,,,,MASK SYSTEM CHEMICA,102,,M12986,A,0,0,0,0,0,1,23-Mar-2026
72060793979034282,72060793979034282,EQ,,,,BAYONET MULTI SYS M9,102,,B49004,A,0,0,0,0,0,1,23-Mar-2026
72060793979034282,72060793979034282,EQ,,,,"PISTOL,9MM,SEMIAUTO",102,,P05043,A,0,0,0,0,0,1,23-Mar-2026
72060793958881083,72060793958881081,CR,,,,Truck: Light Command and Control (C2) Vehicle,102,,,,0,0,1,1,0,0,23-Mar-2026
72060794020462656,72060793958881083,BL,,,,Reconnaissance Sergeant,102,E-5,12B2O,,0,0,1,1,0,0,23-Mar-2026
72060794020462656,72060794020462656,EQ,,,,SIGHT BORE OPT M150,102,,S45729,A,0,0,0,0,0,1,23-Mar-2026
72060794020462656,72060794020462656,EQ,,,,MACH GUN 5.56MM M249,102,,M09009,A,0,0,0,0,0,1,23-Mar-2026
72060794020462656,72060794020462656,EQ,,,,MASK SYSTEM CHEMICA,102,,M12986,A,0,0,0,0,0,1,23-Mar-2026
72060794020462656,72060794020462656,EQ,,,,BAYONET MULTI SYS M9,102,,B49004,A,0,0,0,0,0,1,23-Mar-2026
72060793958881083,72060793958881083,EQ,,,,NIGHT VIS G AN/PVS-7A,102,,N05482,A,0,0,0,0,0,2,23-Mar-2026
72060793958881083,72060793958881083,EQ,,,,TR UT EX CAP: M1165A1,102,,T56383,A,0,0,0,0,0,1,23-Mar-2026
72060793958881083,72060793958881083,EQ,,,,POWER SUPPLY,102,,P40750,A,0,0,0,0,0,1,23-Mar-2026
72060793958881083,72060793958881083,EQ,,,,ANT GRP OE-254()/GRC,102,,A79381,A,0,0,0,0,0,1,23-Mar-2026
72060793958881083,72060793958881083,EQ,,,,RADIO SET AN/VRC-90F,102,,R68044,A,0,0,0,0,0,1,23-Mar-2026
72060793958881083,72060793958881083,EQ,,,,ENCRYPTION-DECRYPTI,102,,E05008,A,0,0,0,0,0,1,23-Mar-2026
72060793958881083,72060793958881083,EQ,,,,"COMPUTER SYSTEM,DIGIT",102,,C05036,A,0,0,0,0,0,1,23-Mar-2026
72060793958881083,72060793958881083,EQ,,,,SOFTWARE,102,,M05098,A,0,0,0,0,0,1,23-Mar-2026
72060793958881083,72060793958881083,EQ,,,,NA SE SA AN/PSN-13(A),102,,N96248,A,0,0,0,0,0,1,23-Mar-2026
72060795699084182,72060793958881081,BL,,,,First Sergeant (1SG),102,E-8,12Y5M,,0,0,1,1,0,0,23-Mar-2026
72060795699084182,72060795699084182,EQ,,,,SIGHT REFLEX COLLIMA,102,,S60288,A,0,0,0,0,0,1,23-Mar-2026
72060795699084182,72060795699084182,EQ,,,,CARBINE 5.56MILL M4A1,102,,C06935,A,0,0,0,0,0,1,23-Mar-2026
72060795699084182,72060795699084182,EQ,,,,MASK SYSTEM CHEMICA,102,,M12986,A,0,0,0,0,0,1,23-Mar-2026
72060795699084182,72060795699084182,EQ,,,,BAYONET MULTI SYS M9,102,,B49004,A,0,0,0,0,0,1,23-Mar-2026
72060793958881086,72060793958881081,CR,,,,Truck: Light Cargo/Troop,102,,,,0,0,1,1,0,0,23-Mar-2026
72060795522969877,72060793958881086,BL,,,,Signal Operations Support Specialist,102,E-3,25U1O,,0,0,1,1,0,0,23-Mar-2026
72060795522969877,72060795522969877,EQ,,,,SIGHT BORE OPT M150,102,,S45729,A,0,0,0,0,0,1,23-Mar-2026
72060795522969877,72060795522969877,EQ,,,,CARBINE 5.56MILL M4A1,102,,C06935,A,0,0,0,0,0,1,23-Mar-2026
72060795522969877,72060795522969877,EQ,,,,BAYONET MULTI SYS M9,102,,B49004,A,0,0,0,0,0,1,23-Mar-2026
72060795522969877,72060795522969877,EQ,,,,MASK SYSTEM CHEMICA,102,,M12986,A,0,0,0,0,0,1,23-Mar-2026
72060793958881086,72060793958881086,EQ,,,,NA SE SA AN/PSN-13(A),102,,N96248,A,0,0,0,0,0,1,23-Mar-2026
72060793958881086,72060793958881086,EQ,,,,NIGHT VIS G AN/PVS-7A,102,,N05482,A,0,0,0,0,0,2,23-Mar-2026
72060793958881086,72060793958881086,EQ,,,,TRK UT EX CAP M1152A1,102,,T37588,A,0,0,0,0,0,1,23-Mar-2026
72060793958881086,72060793958881086,EQ,,,,ANT GRP OE-254()/GRC,102,,A79381,A,0,0,0,0,0,1,23-Mar-2026
72060793958881086,72060793958881086,EQ,,,,RADIO SET AN/VRC-90F,102,,R68044,A,0,0,0,0,0,1,23-Mar-2026
72060793979034288,72060793958881081,BL,,,,Executive Officer (XO),102,O-2,12A00,,1,0,0,1,0,0,23-Mar-2026
72060793979034288,72060793979034288,EQ,,,,CARBINE 5.56MILL M4A1,102,,C06935,A,0,0,0,0,0,1,23-Mar-2026
72060793979034288,72060793979034288,EQ,,,,SIGHT REFLEX COLLIMA,102,,S60288,A,0,0,0,0,0,1,23-Mar-2026
72060793979034288,72060793979034288,EQ,,,,MASK SYSTEM CHEMICA,102,,M12986,A,0,0,0,0,0,1,23-Mar-2026
72060793979034288,72060793979034288,EQ,,,,BAYONET MULTI SYS M9,102,,B49004,A,0,0,0,0,0,1,23-Mar-2026
72060793958881089,72060793958881081,BL,,,,Operations Sergeant,102,E-7,12B4O,,0,0,1,1,0,0,23-Mar-2026
72060793958881089,72060793958881089,EQ,,,,CARBINE 5.56MILL M4A1,102,,C06935,A,0,0,0,0,0,1,23-Mar-2026
72060793958881089,72060793958881089,EQ,,,,MASK SYSTEM CHEMICA,102,,M12986,A,0,0,0,0,0,1,23-Mar-2026
72060793958881089,72060793958881089,EQ,,,,SIGHT REFLEX COLLIMA,102,,S60288,A,0,0,0,0,0,1,23-Mar-2026
72060793958881089,72060793958881089,EQ,,,,BAYONET MULTI SYS M9,102,,B49004,A,0,0,0,0,0,1,23-Mar-2026
72060795522969878,72060793958881081,BL,,,,Forward Signal Support Specialist,102,E-4,25U1O,,0,0,1,1,0,0,23-Mar-2026
72060795522969878,72060795522969878,EQ,,,,SIGHT REFLEX COLLIMA,102,,S60288,A,0,0,0,0,0,1,23-Mar-2026
72060795522969878,72060795522969878,EQ,,,,CARBINE 5.56MILL M4A1,102,,C06935,A,0,0,0,0,0,1,23-Mar-2026
72060795522969878,72060795522969878,EQ,,,,BAYONET MULTI SYS M9,102,,B49004,A,0,0,0,0,0,1,23-Mar-2026
72060795522969878,72060795522969878,EQ,,,,MASK SYSTEM CHEMICA,102,,M12986,A,0,0,0,0,0,1,23-Mar-2026
72060793958881092,72060793958881081,UN,,,,Supply Section (Company Level),102,,,,0,0,3,3,0,0,23-Mar-2026
72060793958881093,72060793958881092,BL,,,,Supply Sergeant,102,E-6,92Y3O,,0,0,1,1,0,0,23-Mar-2026
72060793958881093,72060793958881093,EQ,,,,CARBINE 5.56MILL M4A1,102,,C06935,A,0,0,0,0,0,1,23-Mar-2026
72060793958881093,72060793958881093,EQ,,,,MASK SYSTEM CHEMICA,102,,M12986,A,0,0,0,0,0,1,23-Mar-2026
72060793958881093,72060793958881093,EQ,,,,SIGHT REFLEX COLLIMA,102,,S60288,A,0,0,0,0,0,1,23-Mar-2026
72060793958881093,72060793958881093,EQ,,,,BAYONET MULTI SYS M9,102,,B49004,A,0,0,0,0,0,1,23-Mar-2026
72060794020462660,72060793958881092,BL,,,,Supply Specialist,102,E-3,92Y1O,,0,0,1,1,0,0,23-Mar-2026
72060794020462660,72060794020462660,EQ,,,,SIGHT REFLEX COLLIMA,102,,S60288,A,0,0,0,0,0,1,23-Mar-2026
72060794020462660,72060794020462660,EQ,,,,MASK SYSTEM CHEMICA,102,,M12986,A,0,0,0,0,0,1,23-Mar-2026
72060794020462660,72060794020462660,EQ,,,,CARBINE 5.56MILL M4A1,102,,C06935,A,0,0,0,0,0,1,23-Mar-2026
72060794020462660,72060794020462660,EQ,,,,BAYONET MULTI SYS M9,102,,B49004,A,0,0,0,0,0,1,23-Mar-2026
72060793958881095,72060793958881092,CR,,,,Truck: Light Medium Tactical Vehicle (LMTV),102,,,,0,0,1,1,0,0,23-Mar-2026
72060793958881094,72060793958881095,BL,,,,Supply Specialist,102,E-4,92Y1O,,0,0,1,1,0,0,23-Mar-2026
72060793958881094,72060793958881094,EQ,,,,CARBINE 5.56MILL M4A1,102,,C06935,A,0,0,0,0,0,1,23-Mar-2026
72060793958881094,72060793958881094,EQ,,,,MASK SYSTEM CHEMICA,102,,M12986,A,0,0,0,0,0,1,23-Mar-2026
72060793958881094,72060793958881094,EQ,,,,SIGHT REFLEX COLLIMA,102,,S60288,A,0,0,0,0,0,1,23-Mar-2026
72060793958881094,72060793958881094,EQ,,,,BAYONET MULTI SYS M9,102,,B49004,A,0,0,0,0,0,1,23-Mar-2026
72060793958881095,72060793958881095,EQ,,,,TRLER FLAT BED M1082,102,,T96564,A,0,0,0,0,0,1,23-Mar-2026
72060793958881095,72060793958881095,EQ,,,,NIGHT VIS G AN/PVS-7A,102,,N05482,A,0,0,0,0,0,2,23-Mar-2026
72060793958881095,72060793958881095,EQ,,,,TRK CG M1078A1P2 WO/W,102,,T59448,A,0,0,0,0,0,1,23-Mar-2026
72060793958881095,72060793958881095,EQ,,,,RADIO SET AN/VRC-90F,102,,R68044,A,0,0,0,0,0,1,23-Mar-2026
72060793958881092,72060793958881092,EQ,,,,TOOL: KIT CARPENTERS,102,,W34648,A,0,0,0,0,0,1,23-Mar-2026
72060793958881092,72060793958881092,EQ,,,,TRAILER WTR M149A2,102,,W98825,A,0,0,0,0,0,1,23-Mar-2026
72060793958881092,72060793958881092,EQ,,,,TEST SET TS-4348/UV,102,,E03826,A,0,0,0,0,0,2,23-Mar-2026
72060793958881092,72060793958881092,EQ,,,,MOUNT GUN RING M66,102,,M74364,A,0,0,0,0,0,1,23-Mar-2026
72060793958881092,72060793958881092,EQ,,,,SI THE AN/PAS-13B(V)3,102,,S90603,A,0,0,0,0,0,1,23-Mar-2026
72060793958881092,72060793958881092,EQ,,,,MT MAC GUN 40MM MK93,102,,M12647,A,0,0,0,0,0,1,23-Mar-2026
72060793958881092,72060793958881092,EQ,,,,MACHINE GUN CALIBER,102,,M39331,A,0,0,0,0,0,1,23-Mar-2026
72060793958881092,72060793958881092,EQ,,,,"TOOL KIT,SMALL ARMS",102,,W51910,A,0,0,0,0,0,1,23-Mar-2026
72060793958881092,72060793958881092,EQ,,,,"MOUNT,TRIPOD,MACHIN",102,,X05002,A,0,0,0,0,0,1,23-Mar-2026
72060793958881092,72060793958881092,EQ,,,,"COMPUTER SYSTEM,DIG",102,,C05076,A,0,0,0,0,0,1,23-Mar-2026
72060793958881096,72060793958881081,UN,,,,Support Section,102,,,,0,0,6,6,0,0,23-Mar-2026
72060793958881097,72060793958881096,BL,,,,#1 Wheeled Vehicle Mechanic,102,E-5,91B2O,,0,0,1,1,0,0,23-Mar-2026
72060793958881097,72060793958881097,EQ,,,,SIGHT REFLEX COLLIMA,102,,S60288,A,0,0,0,0,0,1,23-Mar-2026
72060793958881097,72060793958881097,EQ,,,,CARBINE 5.56MILL M4A1,102,,C06935,A,0,0,0,0,0,1,23-Mar-2026
72060793958881097,72060793958881097,EQ,,,,MASK SYSTEM CHEMICA,102,,M12986,A,0,0,0,0,0,1,23-Mar-2026
72060793958881097,72060793958881097,EQ,,,,TOOL KIT GENERAL ME,102,,T28688,A,0,0,0,0,0,1,23-Mar-2026
72060793958881097,72060793958881097,EQ,,,,BAYONET MULTI SYS M9,102,,B49004,A,0,0,0,0,0,1,23-Mar-2026
72060793958881098,72060793958881096,CR,,,,Truck: Light Medium Tactical Vehicle (LMTV),102,,,,0,0,1,1,0,0,23-Mar-2026
72060793958881099,72060793958881098,BL,,,,Wheeled Vehicle Mechanic,102,E-4,91B1O,,0,0,1,1,0,0,23-Mar-2026
72060793958881099,72060793958881099,EQ,,,,CARBINE 5.56MILL M4A1,102,,C06935,A,0,0,0,0,0,1,23-Mar-2026
72060793958881099,72060793958881099,EQ,,,,SIGHT REFLEX COLLIMA,102,,S60288,A,0,0,0,0,0,1,23-Mar-2026
72060793958881099,72060793958881099,EQ,,,,MASK SYSTEM CHEMICA,102,,M12986,A,0,0,0,0,0,1,23-Mar-2026
72060793958881099,72060793958881099,EQ,,,,TOOL KIT GENERAL ME,102,,T28688,A,0,0,0,0,0,1,23-Mar-2026
72060793958881099,72060793958881099,EQ,,,,BAYONET MULTI SYS M9,102,,B49004,A,0,0,0,0,0,1,23-Mar-2026
72060793958881098,72060793958881098,EQ,,,,NIGHT VIS G AN/PVS-7A,102,,N05482,A,0,0,0,0,0,2,23-Mar-2026
72060793958881098,72060793958881098,EQ,,,,TRK CG M1078A1P2 WO/W,102,,T59448,A,0,0,0,0,0,1,23-Mar-2026
72060793958881098,72060793958881098,EQ,,,,RADIO SET AN/VRC-90F,102,,R68044,A,0,0,0,0,0,1,23-Mar-2026
72060793958881101,72060793958881096,BL,,,,Utilities Equipment Repairer,102,E-4,91C1O,,0,0,1,1,0,0,23-Mar-2026
72060793958881101,72060793958881101,EQ,,,,CARBINE 5.56MILL M4A1,102,,C06935,A,0,0,0,0,0,1,23-Mar-2026
72060793958881101,72060793958881101,EQ,,,,MASK SYSTEM CHEMICA,102,,M12986,A,0,0,0,0,0,1,23-Mar-2026
72060793958881101,72060793958881101,EQ,,,,SIGHT REFLEX COLLIMA,102,,S60288,A,0,0,0,0,0,1,23-Mar-2026
72060793958881101,72060793958881101,EQ,,,,BAYONET MULTI SYS M9,102,,B49004,A,0,0,0,0,0,1,23-Mar-2026
72060793958881103,72060793958881096,BL,,,,Tactical Power Generator Specialist,102,E-4,91D1O,,0,0,1,1,0,0,23-Mar-2026
72060793958881103,72060793958881103,EQ,,,,MASK SYSTEM CHEMICA,102,,M12986,A,0,0,0,0,0,1,23-Mar-2026
72060793958881103,72060793958881103,EQ,,,,SIGHT REFLEX COLLIMA,102,,S60288,A,0,0,0,0,0,1,23-Mar-2026
72060793958881103,72060793958881103,EQ,,,,CARBINE 5.56MILL M4A1,102,,C06935,A,0,0,0,0,0,1,23-Mar-2026
72060793958881103,72060793958881103,EQ,,,,TOOL KIT GENERAL ME,102,,T28688,A,0,0,0,0,0,1,23-Mar-2026
72060793958881103,72060793958881103,EQ,,,,BAYONET MULTI SYS M9,102,,B49004,A,0,0,0,0,0,1,23-Mar-2026
72060793958881105,72060793958881096,BL,,,,#2 Wheeled Vehicle Mechanic,102,E-3,91B1O,,0,0,1,1,0,0,23-Mar-2026
72060793958881105,72060793958881105,EQ,,,,SIGHT REFLEX COLLIMA,102,,S60288,A,0,0,0,0,0,1,23-Mar-2026
72060793958881105,72060793958881105,EQ,,,,CARBINE 5.56MILL M4A1,102,,C06935,A,0,0,0,0,0,1,23-Mar-2026
72060793958881105,72060793958881105,EQ,,,,MASK SYSTEM CHEMICA,102,,M12986,A,0,0,0,0,0,1,23-Mar-2026
72060793958881105,72060793958881105,EQ,,,,BAYONET MULTI SYS M9,102,,B49004,A,0,0,0,0,0,1,23-Mar-2026
72060793958881105,72060793958881105,EQ,,,,TOOL KIT GENERAL ME,102,,T28688,A,0,0,0,0,0,1,23-Mar-2026
72060793958881106,72060793958881096,BL,,,,#3 Wheeled Vehicle Mechanic,102,E-3,91B1O,,0,0,1,1,0,0,23-Mar-2026
72060793958881106,72060793958881106,EQ,,,,SIGHT REFLEX COLLIMA,102,,S60288,A,0,0,0,0,0,1,23-Mar-2026
72060793958881106,72060793958881106,EQ,,,,CARBINE 5.56MILL M4A1,102,,C06935,A,0,0,0,0,0,1,23-Mar-2026
72060793958881106,72060793958881106,EQ,,,,MASK SYSTEM CHEMICA,102,,M12986,A,0,0,0,0,0,1,23-Mar-2026
72060793958881106,72060793958881106,EQ,,,,BAYONET MULTI SYS M9,102,,B49004,A,0,0,0,0,0,1,23-Mar-2026
72060793958881106,72060793958881106,EQ,,,,TOOL KIT GENERAL ME,102,,T28688,A,0,0,0,0,0,1,23-Mar-2026
72060793958881096,72060793958881096,EQ,,,,"TEST SET,ELECTRONICSY",102,,T05098,A,0,0,0,0,0,2,23-Mar-2026
72060793958881081,72060793958881081,EQ,,,,RADIAC SET,102,,R30925,A,0,0,0,0,0,1,23-Mar-2026
72060793958881081,72060793958881081,EQ,,,,"LAUNCHER,GRENADE",102,,L69080,A,0,0,0,0,0,4,23-Mar-2026
72060793958881081,72060793958881081,EQ,,,,SI THE AN/PAS-13B(V)3,102,,S90603,A,0,0,0,0,0,2,23-Mar-2026
72060793958881081,72060793958881081,EQ,,,,MT MAC GUN 40MM MK93,102,,M12647,A,0,0,0,0,0,2,23-Mar-2026
72060793958881081,72060793958881081,EQ,,,,MACH GUN 40MM: MK19,102,,M92362,A,0,0,0,0,0,2,23-Mar-2026
72060793958881081,72060793958881081,EQ,,,,RADIAC ST AN/UDR-13,102,,R31061,A,0,0,0,0,0,1,23-Mar-2026
72060793958881081,72060793958881081,EQ,,,,INTERROGA ST AN/TYX-1,102,,J99233,A,0,0,0,0,0,2,23-Mar-2026
72060793958881081,72060793958881081,EQ,,,,RADIAC SET AN/VDR-2,102,,R20684,A,0,0,0,0,0,1,23-Mar-2026
72060793958881081,72060793958881081,EQ,,,,GEN SET MEP MOD 501-A,102,,G36237,A,0,0,0,0,0,1,23-Mar-2026
72060793958881081,72060793958881081,EQ,,,,COL PROT EQ NBC M20,102,,C79000,A,0,0,0,0,0,1,23-Mar-2026
72060793958881081,72060793958881081,EQ,,,,DTCTR CHMCL AGNT A,102,,J00697,A,0,0,0,0,0,1,23-Mar-2026
72060793958881081,72060793958881081,EQ,,,,SI THE AN/PAS-13B(V)2,102,,S90535,A,0,0,0,0,0,4,23-Mar-2026
72060793958881081,72060793958881081,EQ,,,,MT MACH GUN M192,102,,M60256,A,0,0,0,0,0,4,23-Mar-2026
72060793958881081,72060793958881081,EQ,,,,LMG: 5.56MM M249,102,,M39263,A,0,0,0,0,0,4,23-Mar-2026
72060793958881081,72060793958881081,EQ,,,,"MOUNT,TRIPOD,MACHIN",102,,X05002,A,0,0,0,0,0,2,23-Mar-2026
72060793958881081,72060793958881081,EQ,,,,GEN ST DSL MEP-802A,102,,G11966,A,0,0,0,0,0,1,23-Mar-2026
72060793958881081,72060793958881081,EQ,,,,COM ST DIG OL-605/TYQ,102,,C05070,A,0,0,0,0,0,1,23-Mar-2026
72060793958881081,72060793958881081,EQ,,,,SIGHT BORE OPT M150,102,,S45729,A,0,0,0,0,0,4,23-Mar-2026
72060793958881081,72060793958881081,EQ,,,,"TRANSFER UNIT,CRYPTOG",102,,C05002,A,0,0,0,0,0,2,23-Mar-2026
72060793958881107,72060793958881069,UN,,,,Tactical Command Post (CP),,,,,1,0,11,12,0,0,23-Mar-2026
72060793958881108,72060793958881107,UN,,,,Current Operations (CUOPS),103,,,,1,0,8,9,0,0,23-Mar-2026
72060793979034309,72060793958881108,BL,,,,Assistant Operations Officer,103,O-4,12A00,,1,0,0,1,0,0,23-Mar-2026
72060793979034309,72060793979034309,EQ,,,,MASK SYSTEM CHEMICA,103,,M12986,A,0,0,0,0,0,1,23-Mar-2026
72060793979034309,72060793979034309,EQ,,,,BAYONET MULTI SYS M9,103,,B49004,A,0,0,0,0,0,1,23-Mar-2026
72060793979034309,72060793979034309,EQ,,,,"PISTOL,9MM,SEMIAUTO",103,,P05043,A,0,0,0,0,0,1,23-Mar-2026
72060793958881110,72060793958881108,CR,,,,Truck: Light Command and Control (C2) Vehicle,103,,,,0,0,1,1,0,0,23-Mar-2026
72060793958881111,72060793958881110,BL,,,,Vehicle Driver,103,E-3,12B1O,,0,0,1,1,0,0,23-Mar-2026
72060793958881111,72060793958881111,EQ,,,,MACH GUN 5.56MM M249,103,,M09009,A,0,0,0,0,0,1,23-Mar-2026
72060793958881111,72060793958881111,EQ,,,,SIGHT BORE OPT M150,103,,S45729,A,0,0,0,0,0,1,23-Mar-2026
72060793958881111,72060793958881111,EQ,,,,MASK SYSTEM CHEMICA,103,,M12986,A,0,0,0,0,0,1,23-Mar-2026
72060793958881111,72060793958881111,EQ,,,,BAYONET MULTI SYS M9,103,,B49004,A,0,0,0,0,0,1,23-Mar-2026
72060793958881110,72060793958881110,EQ,,,,RADIO SET AN/VRC-92F,103,,R45543,A,0,0,0,0,0,1,23-Mar-2026
72060793958881110,72060793958881110,EQ,,,,POWER SUPPLY,103,,P40750,A,0,0,0,0,0,1,23-Mar-2026
72060793958881110,72060793958881110,EQ,,,,ANT GRP OE-254()/GRC,103,,A79381,A,0,0,0,0,0,2,23-Mar-2026
72060793958881110,72060793958881110,EQ,,,,TLR CGO HI MOB 3/4T,103,,T95992,A,0,0,0,0,0,1,23-Mar-2026
72060793958881110,72060793958881110,EQ,,,,NIGHT VIS G AN/PVS-7A,103,,N05482,A,0,0,0,0,0,2,23-Mar-2026
72060793958881110,72060793958881110,EQ,,,,TR UT EX CAP: M1165A1,103,,T56383,A,0,0,0,0,0,1,23-Mar-2026
72060793958881110,72060793958881110,EQ,,,,ENCRYPTION-DECRYPTI,103,,E05008,A,0,0,0,0,0,1,23-Mar-2026
72060793958881110,72060793958881110,EQ,,,,"COMPUTER SYSTEM,DIGIT",103,,C05036,A,0,0,0,0,0,1,23-Mar-2026
72060793958881110,72060793958881110,EQ,,,,RADIO SET AN/PSC-5C,103,,R57606,A,0,0,0,0,0,1,23-Mar-2026
72060793958881110,72060793958881110,EQ,,,,SOFTWARE,103,,M05098,A,0,0,0,0,0,1,23-Mar-2026
72060793958881110,72060793958881110,EQ,,,,NA SE SA AN/PSN-13(A),103,,N96248,A,0,0,0,0,0,1,23-Mar-2026
72060793958881112,72060793958881108,BL,,,,Chief Engineer Non-commissioned Officer (NCO),103,E-9,12A6O,,0,0,1,1,0,0,23-Mar-2026
72060793958881112,72060793958881112,EQ,,,,SIGHT REFLEX COLLIMA,103,,S60288,A,0,0,0,0,0,1,23-Mar-2026
72060793958881112,72060793958881112,EQ,,,,CARBINE 5.56MILL M4A1,103,,C06935,A,0,0,0,0,0,1,23-Mar-2026
72060793958881112,72060793958881112,EQ,,,,MASK SYSTEM CHEMICA,103,,M12986,A,0,0,0,0,0,1,23-Mar-2026
72060793958881112,72060793958881112,EQ,,,,BAYONET MULTI SYS M9,103,,B49004,A,0,0,0,0,0,1,23-Mar-2026
72060793958881113,72060793958881108,CR,,,,Truck: Light Cargo/Troop,103,,,,0,0,0,0,0,0,23-Mar-2026
72060793958881113,72060793958881113,EQ,,,,NIGHT VIS G AN/PVS-7A,103,,N05482,A,0,0,0,0,0,2,23-Mar-2026
72060793958881113,72060793958881113,EQ,,,,RADIO SET AN/VRC-92F,103,,R45543,A,0,0,0,0,0,1,23-Mar-2026
72060793958881113,72060793958881113,EQ,,,,TRK UT EX CAP M1152A1,103,,T37588,A,0,0,0,0,0,1,23-Mar-2026
72060793958881113,72060793958881113,EQ,,,,NA SE SA AN/PSN-13(A),103,,N96248,A,0,0,0,0,0,1,23-Mar-2026
72060793958881113,72060793958881113,EQ,,,,SOFTWARE,103,,M05098,A,0,0,0,0,0,1,23-Mar-2026
72060793958881113,72060793958881113,EQ,,,,ENCRYPTION-DECRYPTI,103,,E05008,A,0,0,0,0,0,1,23-Mar-2026
72060793958881113,72060793958881113,EQ,,,,"COMPUTER SYSTEM,DIGIT",103,,C05036,A,0,0,0,0,0,1,23-Mar-2026
72060793958881115,72060793958881108,BL,,,,Assistant Operations Sergeant,103,E-8,12X5O,,0,0,1,1,0,0,23-Mar-2026
72060793958881115,72060793958881115,EQ,,,,SIGHT REFLEX COLLIMA,103,,S60288,A,0,0,0,0,0,1,23-Mar-2026
72060793958881115,72060793958881115,EQ,,,,CARBINE 5.56MILL M4A1,103,,C06935,A,0,0,0,0,0,1,23-Mar-2026
72060793958881115,72060793958881115,EQ,,,,MASK SYSTEM CHEMICA,103,,M12986,A,0,0,0,0,0,1,23-Mar-2026
72060793958881115,72060793958881115,EQ,,,,BAYONET MULTI SYS M9,103,,B49004,A,0,0,0,0,0,1,23-Mar-2026
72060793958881116,72060793958881108,CR,,,,Truck: Light Medium Tactical Vehicle (LMTV),103,,,,0,0,1,1,0,0,23-Mar-2026
72060793958881117,72060793958881116,BL,,,,Vehicle Driver,103,E-3,12B1O,,0,0,1,1,0,0,23-Mar-2026
72060793958881117,72060793958881117,EQ,,,,MACH GUN 5.56MM M249,103,,M09009,A,0,0,0,0,0,1,23-Mar-2026
72060793958881117,72060793958881117,EQ,,,,MASK SYSTEM CHEMICA,103,,M12986,A,0,0,0,0,0,1,23-Mar-2026
72060793958881117,72060793958881117,EQ,,,,SIGHT BORE OPT M150,103,,S45729,A,0,0,0,0,0,1,23-Mar-2026
72060793958881117,72060793958881117,EQ,,,,BAYONET MULTI SYS M9,103,,B49004,A,0,0,0,0,0,1,23-Mar-2026
72060793958881116,72060793958881116,EQ,,,,NIGHT VIS G AN/PVS-7A,103,,N05482,A,0,0,0,0,0,2,23-Mar-2026
72060793958881116,72060793958881116,EQ,,,,TRK CG M1078A1P2 WO/W,103,,T59448,A,0,0,0,0,0,1,23-Mar-2026
72060793958881116,72060793958881116,EQ,,,,RADIO SET AN/VRC-90F,103,,R68044,A,0,0,0,0,0,1,23-Mar-2026
72060793958881119,72060793958881108,BL,,,,Construction Operations Sergeant,103,E-7,12H4O,,0,0,1,1,0,0,23-Mar-2026
72060793958881119,72060793958881119,EQ,,,,CARBINE 5.56MILL M4A1,103,,C06935,A,0,0,0,0,0,1,23-Mar-2026
72060793958881119,72060793958881119,EQ,,,,MASK SYSTEM CHEMICA,103,,M12986,A,0,0,0,0,0,1,23-Mar-2026
72060793958881119,72060793958881119,EQ,,,,BAYONET MULTI SYS M9,103,,B49004,A,0,0,0,0,0,1,23-Mar-2026
72060793958881119,72060793958881119,EQ,,,,SIGHT BORE OPT M150,103,,S45729,A,0,0,0,0,0,1,23-Mar-2026
72060794061793793,72060793958881108,BL,,,,#1 Information Technician Specialist,103,E-4,25B1O,,0,0,1,1,0,0,23-Mar-2026
72060794061793793,72060794061793793,EQ,,,,MASK SYSTEM CHEMICA,103,,M12986,A,0,0,0,0,0,1,23-Mar-2026
72060794061793793,72060794061793793,EQ,,,,TOOL KIT TK-17,103,,T57382,A,0,0,0,0,0,1,23-Mar-2026
72060794061793793,72060794061793793,EQ,,,,SIGHT REFLEX COLLIMA,103,,S60288,A,0,0,0,0,0,1,23-Mar-2026
72060794061793793,72060794061793793,EQ,,,,CARBINE 5.56MILL M4A1,103,,C06935,A,0,0,0,0,0,1,23-Mar-2026
72060794061793793,72060794061793793,EQ,,,,BAYONET MULTI SYS M9,103,,B49004,A,0,0,0,0,0,1,23-Mar-2026
72060793958881108,72060793958881108,EQ,,,,PWER PLANT UTILITY,103,,P63394,A,0,0,0,0,0,1,23-Mar-2026
72060793958881108,72060793958881108,EQ,,,,RADIAC ST AN/UDR-13,103,,R31061,A,0,0,0,0,0,1,23-Mar-2026
72060793958881108,72060793958881108,EQ,,,,COMPUTER SYS: DIG,103,,C27963,A,0,0,0,0,0,1,23-Mar-2026
72060793958881108,72060793958881108,EQ,,,,DTCTR CHMCL AGNT A,103,,J00697,A,0,0,0,0,0,1,23-Mar-2026
72060793958881108,72060793958881108,EQ,,,,GEN SET MEP MOD 501-A,103,,G36237,A,0,0,0,0,0,1,23-Mar-2026
72060793958881108,72060793958881108,EQ,,,,COL PROT EQ NBC M20,103,,C79000,A,0,0,0,0,0,1,23-Mar-2026
72060793958881108,72060793958881108,EQ,,,,PWR PLT: UTILITY (MD),103,,P63462,A,0,0,0,0,0,1,23-Mar-2026
72060793958881108,72060793958881108,EQ,,,,COMMUNICATION SUBS,103,,C88821,A,0,0,0,0,0,2,23-Mar-2026
72060793958881108,72060793958881108,EQ,,,,RADIAC SET AN/VDR-2,103,,R20684,A,0,0,0,0,0,1,23-Mar-2026
72060793958881108,72060793958881108,EQ,,,,"TRANSFER UNIT,CRYPTOG",103,,C05002,A,0,0,0,0,0,1,23-Mar-2026
72060795333749809,72060793958881108,BL,,,,#2 Information Technician Specialist,103,E-3,25B1O,,0,0,1,1,0,0,23-Mar-2026
72060795333749809,72060795333749809,EQ,,,,MASK SYSTEM CHEMICA,103,,M12986,A,0,0,0,0,0,1,23-Mar-2026
72060795333749809,72060795333749809,EQ,,,,SIGHT REFLEX COLLIMA,103,,S60288,A,0,0,0,0,0,1,23-Mar-2026
72060795333749809,72060795333749809,EQ,,,,CARBINE 5.56MILL M4A1,103,,C06935,A,0,0,0,0,0,1,23-Mar-2026
72060795333749809,72060795333749809,EQ,,,,TOOL KIT TK-17,103,,T57382,A,0,0,0,0,0,1,23-Mar-2026
72060795333749809,72060795333749809,EQ,,,,BAYONET MULTI SYS M9,103,,B49004,A,0,0,0,0,0,1,23-Mar-2026
72060793958881108,72060793958881108,EQ,,,,"TRANSFER UNIT,CRYPTOG",103,,C05002,A,0,0,0,0,0,1,23-Mar-2026
72060793958881108,72060793958881108,EQ,,,,RECEIVE SUITE,103,,R30658,A,0,0,0,0,0,1,23-Mar-2026
72060793958881108,72060793958881108,EQ,,,,COM ST DIG OL-605/TYQ,103,,C05070,A,0,0,0,0,0,1,23-Mar-2026
72060793958881108,72060793958881108,EQ,,,,COMPUTER SYSTEM DIG,103,,C18891,A,0,0,0,0,0,3,23-Mar-2026
72060793958881108,72060793958881108,EQ,,,,SOFTWARE,103,,M05087,A,0,0,0,0,0,1,23-Mar-2026
72060793958881108,72060793958881108,EQ,,,,COMMAND SYSTEM TACTIC,103,,C61290,A,0,0,0,0,0,3,23-Mar-2026
72060795929908231,72060793958881108,BL,,,,Senior Signal Operations Non-comissioned Officer (NCO),103,E-7,25U4O,,0,0,1,1,0,0,23-Mar-2026
72060795929908231,72060795929908231,EQ,,,,BAYONET MULTI SYS M9,103,,B49004,A,0,0,0,0,0,1,23-Mar-2026
72060795929908231,72060795929908231,EQ,,,,CARBINE 5.56MILL M4A1,103,,C06935,A,0,0,0,0,0,1,23-Mar-2026
72060795929908231,72060795929908231,EQ,,,,MASK SYSTEM CHEMICA,103,,M12986,A,0,0,0,0,0,1,23-Mar-2026
72060795929908231,72060795929908231,EQ,,,,SIGHT REFLEX COLLIMA,103,,S60288,A,0,0,0,0,0,1,23-Mar-2026
72060793958881122,72060793958881107,UN,,,,Current Operations (CUOPS)/Intelligence Element,104,,,,0,0,1,1,0,0,23-Mar-2026
72060793958881123,72060793958881122,BL,,,,Senior Technical Intelligence (TI) Analyst,104,E-7,35F4O,,0,0,1,1,0,0,23-Mar-2026
72060793958881123,72060793958881123,EQ,,,,SIGHT REFLEX COLLIMA,104,,S60288,A,0,0,0,0,0,1,23-Mar-2026
72060793958881123,72060793958881123,EQ,,,,MASK SYSTEM CHEMICA,104,,M12986,A,0,0,0,0,0,1,23-Mar-2026
72060793958881123,72060793958881123,EQ,,,,CARBINE 5.56MILL M4A1,104,,C06935,A,0,0,0,0,0,1,23-Mar-2026
72060793958881123,72060793958881123,EQ,,,,"WORKSTATION,PORTABLE",104,,A35329,A,0,0,0,0,0,1,23-Mar-2026
72060793958881123,72060793958881123,EQ,,,,BAYONET MULTI SYS M9,104,,B49004,A,0,0,0,0,0,1,23-Mar-2026
72060793958881122,72060793958881122,EQ,,,,COMPUTER SYS: DIG,104,,C27963,A,0,0,0,0,0,1,23-Mar-2026
72060793958881124,72060793958881107,UN,,,,Current Operations (CUOPS)/Support Staff,105,,,,0,0,2,2,0,0,23-Mar-2026
72060793958881125,72060793958881124,BL,,,,Senior Human Resources Sergeant,105,E-8,42A5O,,0,0,1,1,0,0,23-Mar-2026
72060793958881125,72060793958881125,EQ,,,,MASK SYSTEM CHEMICA,105,,M12986,A,0,0,0,0,0,1,23-Mar-2026
72060793958881125,72060793958881125,EQ,,,,SIGHT REFLEX COLLIMA,105,,S60288,A,0,0,0,0,0,1,23-Mar-2026
72060793958881125,72060793958881125,EQ,,,,CARBINE 5.56MILL M4A1,105,,C06935,A,0,0,0,0,0,1,23-Mar-2026
72060793958881125,72060793958881125,EQ,,,,BAYONET MULTI SYS M9,105,,B49004,A,0,0,0,0,0,1,23-Mar-2026
72060793958881126,72060793958881124,BL,,,,Supply Specialist,105,E-3,92Y1O,,0,0,1,1,0,0,23-Mar-2026
72060793958881126,72060793958881126,EQ,,,,MASK SYSTEM CHEMICA,105,,M12986,A,0,0,0,0,0,1,23-Mar-2026
72060793958881126,72060793958881126,EQ,,,,CARBINE 5.56MILL M4A1,105,,C06935,A,0,0,0,0,0,1,23-Mar-2026
72060793958881126,72060793958881126,EQ,,,,SIGHT REFLEX COLLIMA,105,,S60288,A,0,0,0,0,0,1,23-Mar-2026
72060793958881126,72060793958881126,EQ,,,,BAYONET MULTI SYS M9,105,,B49004,A,0,0,0,0,0,1,23-Mar-2026
72060793958881124,72060793958881124,EQ,,,,COMPUTER SYS: DIG,105,,C27963,A,0,0,0,0,0,1,23-Mar-2026
72060793958881127,72060793958881069,UN,,,,Main Command Post (MCP),,,,,24,8,60,92,0,0,23-Mar-2026
72060793958881128,72060793958881127,UN,,,,Current Operations (CUOPS),106,,,,3,1,7,11,0,0,23-Mar-2026
72060793979034329,72060793958881128,BL,,,,S3/Operations Staff Officer,106,O-5,12A00,,1,0,0,1,0,0,23-Mar-2026
72060793979034329,72060793979034329,EQ,,,,MASK SYSTEM CHEMICA,106,,M12986,A,0,0,0,0,0,1,23-Mar-2026
72060793979034329,72060793979034329,EQ,,,,"PISTOL,9MM,SEMIAUTO",106,,P05043,A,0,0,0,0,0,1,23-Mar-2026
72060793979034329,72060793979034329,EQ,,,,BAYONET MULTI SYS M9,106,,B49004,A,0,0,0,0,0,1,23-Mar-2026
72060793958881130,72060793958881128,CR,,,,Truck: Light Command and Control (C2) Vehicle,106,,,,0,0,1,1,0,0,23-Mar-2026
72060793958881131,72060793958881130,BL,,,,Vehicle Driver,106,E-3,12B1O,,0,0,1,1,0,0,23-Mar-2026
72060793958881131,72060793958881131,EQ,,,,MASK SYSTEM CHEMICA,106,,M12986,A,0,0,0,0,0,1,23-Mar-2026
72060793958881131,72060793958881131,EQ,,,,MACH GUN 5.56MM M249,106,,M09009,A,0,0,0,0,0,1,23-Mar-2026
72060793958881131,72060793958881131,EQ,,,,SIGHT BORE OPT M150,106,,S45729,A,0,0,0,0,0,1,23-Mar-2026
72060793958881131,72060793958881131,EQ,,,,BAYONET MULTI SYS M9,106,,B49004,A,0,0,0,0,0,1,23-Mar-2026
72060793958881130,72060793958881130,EQ,,,,RADIO SET AN/VRC-92F,106,,R45543,A,0,0,0,0,0,1,23-Mar-2026
72060793958881130,72060793958881130,EQ,,,,POWER SUPPLY,106,,P40750,A,0,0,0,0,0,1,23-Mar-2026
72060793958881130,72060793958881130,EQ,,,,ANT GRP OE-254()/GRC,106,,A79381,A,0,0,0,0,0,1,23-Mar-2026
72060793958881130,72060793958881130,EQ,,,,NIGHT VIS G AN/PVS-7A,106,,N05482,A,0,0,0,0,0,2,23-Mar-2026
72060793958881130,72060793958881130,EQ,,,,TR UT EX CAP: M1165A1,106,,T56383,A,0,0,0,0,0,1,23-Mar-2026
72060793958881130,72060793958881130,EQ,,,,ENCRYPTION-DECRYPTI,106,,E05008,A,0,0,0,0,0,1,23-Mar-2026
72060793958881130,72060793958881130,EQ,,,,"COMPUTER SYSTEM,DIGIT",106,,C05036,A,0,0,0,0,0,1,23-Mar-2026
72060793958881130,72060793958881130,EQ,,,,SOFTWARE,106,,M05098,A,0,0,0,0,0,1,23-Mar-2026
72060793958881130,72060793958881130,EQ,,,,NA SE SA AN/PSN-13(A),106,,N96248,A,0,0,0,0,0,1,23-Mar-2026
72060793958881136,72060793958881128,CR,,,,Truck: Light Medium Tactical Vehicle (LMTV),106,,,,0,0,0,0,0,0,23-Mar-2026
72060793958881136,72060793958881136,EQ,,,,TRLER FLAT BED M1082,106,,T96564,A,0,0,0,0,0,1,23-Mar-2026
72060793958881136,72060793958881136,EQ,,,,NIGHT VIS G AN/PVS-7A,106,,N05482,A,0,0,0,0,0,2,23-Mar-2026
72060793958881136,72060793958881136,EQ,,,,RADIO SET AN/VRC-90F,106,,R68044,A,0,0,0,0,0,1,23-Mar-2026
72060793958881136,72060793958881136,EQ,,,,TRK CG M1078A1P2 WO/W,106,,T59448,A,0,0,0,0,0,1,23-Mar-2026
72060793979034334,72060793958881128,BL,,,,Assistant Operations Officer,106,O-3,12A00,,1,0,0,1,0,0,23-Mar-2026
72060793979034334,72060793979034334,EQ,,,,SIGHT REFLEX COLLIMA,106,,S60288,A,0,0,0,0,0,1,23-Mar-2026
72060793979034334,72060793979034334,EQ,,,,MASK SYSTEM CHEMICA,106,,M12986,A,0,0,0,0,0,1,23-Mar-2026
72060793979034334,72060793979034334,EQ,,,,CARBINE 5.56MILL M4A1,106,,C06935,A,0,0,0,0,0,1,23-Mar-2026
72060793979034334,72060793979034334,EQ,,,,BAYONET MULTI SYS M9,106,,B49004,A,0,0,0,0,0,1,23-Mar-2026
72060793958881137,72060793958881128,BL,,,,Chief Bridge Non-commissioned Officer (NCO),106,E-8,12Z5O,,0,0,1,1,0,0,23-Mar-2026
72060793958881137,72060793958881137,EQ,,,,MASK SYSTEM CHEMICA,106,,M12986,A,0,0,0,0,0,1,23-Mar-2026
72060793958881137,72060793958881137,EQ,,,,SIGHT REFLEX COLLIMA,106,,S60288,A,0,0,0,0,0,1,23-Mar-2026
72060793958881137,72060793958881137,EQ,,,,CARBINE 5.56MILL M4A1,106,,C06935,A,0,0,0,0,0,1,23-Mar-2026
72060793958881137,72060793958881137,EQ,,,,BAYONET MULTI SYS M9,106,,B49004,A,0,0,0,0,0,1,23-Mar-2026
72060794020462704,72060793958881128,BL,,,,Construction Inspector,106,E-6,12N3O,,0,0,1,1,0,0,23-Mar-2026
72060794020462704,72060794020462704,EQ,,,,SIGHT REFLEX COLLIMA,106,,S60288,A,0,0,0,0,0,1,23-Mar-2026
72060794020462704,72060794020462704,EQ,,,,MASK SYSTEM CHEMICA,106,,M12986,A,0,0,0,0,0,1,23-Mar-2026
72060794020462704,72060794020462704,EQ,,,,CARBINE 5.56MILL M4A1,106,,C06935,A,0,0,0,0,0,1,23-Mar-2026
72060794020462704,72060794020462704,EQ,,,,BAYONET MULTI SYS M9,106,,B49004,A,0,0,0,0,0,1,23-Mar-2026
72060794020462705,72060793958881128,BL,,,,Assistant Operations Sergeant,106,E-6,12B3O,,0,0,1,1,0,0,23-Mar-2026
72060794020462705,72060794020462705,EQ,,,,MASK SYSTEM CHEMICA,106,,M12986,A,0,0,0,0,0,1,23-Mar-2026
72060794020462705,72060794020462705,EQ,,,,SIGHT REFLEX COLLIMA,106,,S60288,A,0,0,0,0,0,1,23-Mar-2026
72060794020462705,72060794020462705,EQ,,,,CARBINE 5.56MILL M4A1,106,,C06935,A,0,0,0,0,0,1,23-Mar-2026
72060794020462705,72060794020462705,EQ,,,,BAYONET MULTI SYS M9,106,,B49004,A,0,0,0,0,0,1,23-Mar-2026
72060793958881140,72060793958881128,BL,,,,Chemical Biological Radiological Nuclear (CBRN) Non-commissioned Officer (NCO),106,E-7,74D4O,,0,0,1,1,0,0,23-Mar-2026
72060793958881140,72060793958881140,EQ,,,,CARBINE 5.56MILL M4A1,106,,C06935,A,0,0,0,0,0,1,23-Mar-2026
72060793958881140,72060793958881140,EQ,,,,MASK SYSTEM CHEMICA,106,,M12986,A,0,0,0,0,0,1,23-Mar-2026
72060793958881140,72060793958881140,EQ,,,,SIGHT REFLEX COLLIMA,106,,S60288,A,0,0,0,0,0,1,23-Mar-2026
72060793958881140,72060793958881140,EQ,,,,BAYONET MULTI SYS M9,106,,B49004,A,0,0,0,0,0,1,23-Mar-2026
72060794061793816,72060793958881128,BL,,,,Senior Information Technical Specialist,106,E-5,25B2O,,0,0,1,1,0,0,23-Mar-2026
72060794061793816,72060794061793816,EQ,,,,MASK SYSTEM CHEMICA,106,,M12986,A,0,0,0,0,0,1,23-Mar-2026
72060794061793816,72060794061793816,EQ,,,,CARBINE 5.56MILL M4A1,106,,C06935,A,0,0,0,0,0,1,23-Mar-2026
72060794061793816,72060794061793816,EQ,,,,SIGHT REFLEX COLLIMA,106,,S60288,A,0,0,0,0,0,1,23-Mar-2026
72060794061793816,72060794061793816,EQ,,,,BAYONET MULTI SYS M9,106,,B49004,A,0,0,0,0,0,1,23-Mar-2026
72060793958881128,72060793958881128,EQ,,,,DTCTR CHMCL AGNT A,106,,J00697,A,0,0,0,0,0,1,23-Mar-2026
72060793958881128,72060793958881128,EQ,,,,PWR PLT: UTILITY (MD),106,,P63462,A,0,0,0,0,0,1,23-Mar-2026
72060793958881128,72060793958881128,EQ,,,,GEN SET MEP MOD 501-A,106,,G36237,A,0,0,0,0,0,1,23-Mar-2026
72060793958881128,72060793958881128,EQ,,,,COL PROT EQ NBC M20,106,,C79000,A,0,0,0,0,0,1,23-Mar-2026
72060793958881128,72060793958881128,EQ,,,,"COMPUTER GROUP,TACT",106,,C05041,A,0,0,0,0,0,1,23-Mar-2026
72060793958881128,72060793958881128,EQ,,,,COMP ST GN AN/GYK-33D,106,,C18297,A,0,0,0,0,0,1,23-Mar-2026
72060793958881128,72060793958881128,EQ,,,,RADIAC SET AN/VDR-2,106,,R20684,A,0,0,0,0,0,1,23-Mar-2026
72060793958881128,72060793958881128,EQ,,,,COMPUTER SYS: DIG,106,,C27963,A,0,0,0,0,0,2,23-Mar-2026
72060793958881128,72060793958881128,EQ,,,,"COMPUTER GROUP,TACT",106,,C05040,A,0,0,0,0,0,1,23-Mar-2026
72060793958881128,72060793958881128,EQ,,,,RADIAC ST AN/UDR-13,106,,R31061,A,0,0,0,0,0,1,23-Mar-2026
72060793958881128,72060793958881128,EQ,,,,"TRANSFER UNIT,CRYPTOG",106,,C05002,A,0,0,0,0,0,1,23-Mar-2026
72060793958881128,72060793958881128,EQ,,,,MULTIMETER,106,,M05023,A,0,0,0,0,0,1,23-Mar-2026
72060793958881128,72060793958881128,EQ,,,,"TRANSFER UNIT,CRYPTOG",106,,C05002,A,0,0,0,0,0,1,23-Mar-2026
72060793958881128,72060793958881128,EQ,,,,RECEIVE SUITE,106,,R30658,A,0,0,0,0,0,1,23-Mar-2026
72060793958881128,72060793958881128,EQ,,,,COM ST DIG OL-605/TYQ,106,,C05070,A,0,0,0,0,0,1,23-Mar-2026
72060793958881143,72060793958881128,CR,,,,Truck: Light Cargo/Troop,106,,,,0,0,0,0,0,0,23-Mar-2026
72060793958881143,72060793958881143,EQ,,,,NIGHT VIS G AN/PVS-7A,106,,N05482,A,0,0,0,0,0,2,23-Mar-2026
72060793958881143,72060793958881143,EQ,,,,ANT GRP OE-254()/GRC,106,,A79381,A,0,0,0,0,0,1,23-Mar-2026
72060793958881143,72060793958881143,EQ,,,,RADIO SET AN/VRC-92F,106,,R45543,A,0,0,0,0,0,1,23-Mar-2026
72060793958881143,72060793958881143,EQ,,,,TRK UT EX CAP M1152A1,106,,T37588,A,0,0,0,0,0,1,23-Mar-2026
72060793958881143,72060793958881143,EQ,,,,RADIO SET AN/PSC-5C,106,,R57606,A,0,0,0,0,0,1,23-Mar-2026
72060793958881143,72060793958881143,EQ,,,,ENCRYPTION-DECRYPTI,106,,E05008,A,0,0,0,0,0,1,23-Mar-2026
72060793958881143,72060793958881143,EQ,,,,SOFTWARE,106,,M05098,A,0,0,0,0,0,1,23-Mar-2026
72060793958881143,72060793958881143,EQ,,,,"COMPUTER SYSTEM,DIGIT",106,,C05036,A,0,0,0,0,0,1,23-Mar-2026
72060793958881143,72060793958881143,EQ,,,,NA SE SA AN/PSN-13(A),106,,N96248,A,0,0,0,0,0,1,23-Mar-2026
72060795386403790,72060793958881128,BL,,,,Communication Staff Officer,106,O-4,25A00,,1,0,0,1,0,0,23-Mar-2026
72060795386403790,72060795386403790,EQ,,,,MASK SYSTEM CHEMICA,106,,M12986,A,0,0,0,0,0,1,23-Mar-2026
72060795386403790,72060795386403790,EQ,,,,BAYONET MULTI SYS M9,106,,B49004,A,0,0,0,0,0,1,23-Mar-2026
72060795386403790,72060795386403790,EQ,,,,"PISTOL,9MM,SEMIAUTO",106,,P05043,A,0,0,0,0,0,1,23-Mar-2026
72060795522969876,72060793958881128,BL,,,,Signal Operations Support Specialist,106,E-3,25U1O,,0,0,1,1,0,0,23-Mar-2026
72060795522969876,72060795522969876,EQ,,,,BAYONET MULTI SYS M9,106,,B49004,A,0,0,0,0,0,1,23-Mar-2026
72060795522969876,72060795522969876,EQ,,,,MASK SYSTEM CHEMICA,106,,M12986,A,0,0,0,0,0,1,23-Mar-2026
72060795522969876,72060795522969876,EQ,,,,SIGHT BORE OPT M150,106,,S45729,A,0,0,0,0,0,1,23-Mar-2026
72060795522969876,72060795522969876,EQ,,,,CARBINE 5.56MILL M4A1,106,,C06935,A,0,0,0,0,0,1,23-Mar-2026
72060795783665895,72060793958881128,BL,,,,Data Operations Warrant Officer (WO),106,W-2,255A0,,0,1,0,1,0,0,23-Mar-2026
72060795783665895,72060795783665895,EQ,,,,MASK SYSTEM CHEMICA,106,,M12986,A,0,0,0,0,0,1,23-Mar-2026
72060795783665895,72060795783665895,EQ,,,,BAYONET MULTI SYS M9,106,,B49004,A,0,0,0,0,0,1,23-Mar-2026
72060795783665895,72060795783665895,EQ,,,,SIGHT REFLEX COLLIMA,106,,S60288,A,0,0,0,0,0,1,23-Mar-2026
72060795783665895,72060795783665895,EQ,,,,CARBINE 5.56MILL M4A1,106,,C06935,A,0,0,0,0,0,1,23-Mar-2026
72060793958881145,72060793958881127,UN,,,,Current Operations (CUOPS)/Intelligence/S2,107,,,,1,0,2,3,0,0,23-Mar-2026
72060795522969875,72060793958881145,BL,,,,S2/Intelligence Staff Officer,107,O-4,35A00,,1,0,0,1,0,0,23-Mar-2026
72060795522969875,72060795522969875,EQ,,,,BAYONET MULTI SYS M9,107,,B49004,A,0,0,0,0,0,1,23-Mar-2026
72060795522969875,72060795522969875,EQ,,,,"PISTOL,9MM,SEMIAUTO",107,,P05043,A,0,0,0,0,0,1,23-Mar-2026
72060795522969875,72060795522969875,EQ,,,,MASK SYSTEM CHEMICA,107,,M12986,A,0,0,0,0,0,1,23-Mar-2026
72060795783665893,72060793958881145,BL,,,,#1 Intelligence Analyst,107,E-3,35F1O,,0,0,1,1,0,0,23-Mar-2026
72060795783665893,72060795783665893,EQ,,,,MASK SYSTEM CHEMICA,107,,M12986,A,0,0,0,0,0,1,23-Mar-2026
72060795783665893,72060795783665893,EQ,,,,BAYONET MULTI SYS M9,107,,B49004,A,0,0,0,0,0,1,23-Mar-2026
72060795783665893,72060795783665893,EQ,,,,CARBINE 5.56MILL M4A1,107,,C06935,A,0,0,0,0,0,1,23-Mar-2026
72060795783665893,72060795783665893,EQ,,,,SIGHT REFLEX COLLIMA,107,,S60288,A,0,0,0,0,0,1,23-Mar-2026
72060795783665894,72060793958881145,BL,,,,#2 Intelligence Analyst,107,E-4,35F1O,,0,0,1,1,0,0,23-Mar-2026
72060795783665894,72060795783665894,EQ,,,,CARBINE 5.56MILL M4A1,107,,C06935,A,0,0,0,0,0,1,23-Mar-2026
72060795783665894,72060795783665894,EQ,,,,SIGHT REFLEX COLLIMA,107,,S60288,A,0,0,0,0,0,1,23-Mar-2026
72060795783665894,72060795783665894,EQ,,,,MASK SYSTEM CHEMICA,107,,M12986,A,0,0,0,0,0,1,23-Mar-2026
72060795783665894,72060795783665894,EQ,,,,BAYONET MULTI SYS M9,107,,B49004,A,0,0,0,0,0,1,23-Mar-2026
72060793958881145,72060793958881145,EQ,,,,RADIO SET AN/VRC-90F,107,,R68044,A,0,0,0,0,0,1,23-Mar-2026
72060793958881145,72060793958881145,EQ,,,,COMPUTER SYS: DIG,107,,C27963,A,0,0,0,0,0,1,23-Mar-2026
72060793958881145,72060793958881145,EQ,,,,POWER SUPPLY,107,,P40750,A,0,0,0,0,0,1,23-Mar-2026
72060793958881145,72060793958881145,EQ,,,,ANT GRP OE-254()/GRC,107,,A79381,A,0,0,0,0,0,1,23-Mar-2026
72060793958881145,72060793958881145,EQ,,,,ENCRYPTION-DECRYPTI,107,,E05008,A,0,0,0,0,0,1,23-Mar-2026
72060793958881145,72060793958881145,EQ,,,,COMPUTER SYSTEM DIGIT,107,,C05037,A,0,0,0,0,0,1,23-Mar-2026
72060793958881145,72060793958881145,EQ,,,,"SERVER,INTELLIGENCEFU",107,,A35397,A,0,0,0,0,0,1,23-Mar-2026
72060793958881149,72060793958881127,UN,,,,Current Operations (CUOPS)/Survey Design,108,,,,0,1,1,2,0,0,23-Mar-2026
72060793979034349,72060793958881149,BL,,,,Construction Engineer Technician,108,W-3,120A0,,0,1,0,1,0,0,23-Mar-2026
72060793979034349,72060793979034349,EQ,,,,MASK SYSTEM CHEMICA,108,,M12986,A,0,0,0,0,0,1,23-Mar-2026
72060793979034349,72060793979034349,EQ,,,,CARBINE 5.56MILL M4A1,108,,C06935,A,0,0,0,0,0,1,23-Mar-2026
72060793979034349,72060793979034349,EQ,,,,SIGHT REFLEX COLLIMA,108,,S60288,A,0,0,0,0,0,1,23-Mar-2026
72060793979034349,72060793979034349,EQ,,,,BAYONET MULTI SYS M9,108,,B49004,A,0,0,0,0,0,1,23-Mar-2026
72060794739018586,72060793958881149,CR,,,,Truck: Light Cargo/Troop,108,,,,0,0,1,1,0,0,23-Mar-2026
72060793958881152,72060794739018586,BL,,,,Technical Engineer Specialist,108,E-4,12T1O,,0,0,1,1,0,0,23-Mar-2026
72060793958881152,72060793958881152,EQ,,,,SIGHT REFLEX COLLIMA,108,,S60288,A,0,0,0,0,0,1,23-Mar-2026
72060793958881152,72060793958881152,EQ,,,,MASK SYSTEM CHEMICA,108,,M12986,A,0,0,0,0,0,1,23-Mar-2026
72060793958881152,72060793958881152,EQ,,,,CARBINE 5.56MILL M4A1,108,,C06935,A,0,0,0,0,0,1,23-Mar-2026
72060793958881152,72060793958881152,EQ,,,,BAYONET MULTI SYS M9,108,,B49004,A,0,0,0,0,0,1,23-Mar-2026
72060794739018586,72060794739018586,EQ,,,,RADIO SET AN/VRC-90F,108,,R68044,A,0,0,0,0,0,1,23-Mar-2026
72060794739018586,72060794739018586,EQ,,,,TLR CGO HI MOB 3/4T,108,,T95992,A,0,0,0,0,0,1,23-Mar-2026
72060794739018586,72060794739018586,EQ,,,,NIGHT VIS G AN/PVS-7A,108,,N05482,A,0,0,0,0,0,2,23-Mar-2026
72060794739018586,72060794739018586,EQ,,,,TRK UT EX CAP M1152A1,108,,T37588,A,0,0,0,0,0,1,23-Mar-2026
72060793958881149,72060793958881149,EQ,,,,COMPUTER SYS: DIG,108,,C27963,A,0,0,0,0,0,1,23-Mar-2026
72060793958881149,72060793958881149,EQ,,,,"TRANSFER UNIT,CRYPTOG",108,,C05002,A,0,0,0,0,0,1,23-Mar-2026
72060793958881153,72060793958881127,UN,,,,Current Operations (CUOPS)/Technical Team,109,,,,1,0,1,2,0,0,23-Mar-2026
72060793979034353,72060793958881153,BL,,,,Construction Management Officer,109,O-3,12A00,,1,0,0,1,0,0,23-Mar-2026
72060793979034353,72060793979034353,EQ,,,,SIGHT REFLEX COLLIMA,109,,S60288,A,0,0,0,0,0,1,23-Mar-2026
72060793979034353,72060793979034353,EQ,,,,MASK SYSTEM CHEMICA,109,,M12986,A,0,0,0,0,0,1,23-Mar-2026
72060793979034353,72060793979034353,EQ,,,,CARBINE 5.56MILL M4A1,109,,C06935,A,0,0,0,0,0,1,23-Mar-2026
72060793979034353,72060793979034353,EQ,,,,BAYONET MULTI SYS M9,109,,B49004,A,0,0,0,0,0,1,23-Mar-2026
72060793958881155,72060793958881153,CR,,,,Truck: Light Cargo/Troop,109,,,,0,0,1,1,0,0,23-Mar-2026
72060794020462721,72060793958881155,BL,,,,Technical Engineer Specialist,109,E-4,12T1O,,0,0,1,1,0,0,23-Mar-2026
72060794020462721,72060794020462721,EQ,,,,MASK SYSTEM CHEMICA,109,,M12986,A,0,0,0,0,0,1,23-Mar-2026
72060794020462721,72060794020462721,EQ,,,,SIGHT REFLEX COLLIMA,109,,S60288,A,0,0,0,0,0,1,23-Mar-2026
72060794020462721,72060794020462721,EQ,,,,CARBINE 5.56MILL M4A1,109,,C06935,A,0,0,0,0,0,1,23-Mar-2026
72060794020462721,72060794020462721,EQ,,,,BAYONET MULTI SYS M9,109,,B49004,A,0,0,0,0,0,1,23-Mar-2026
72060793958881155,72060793958881155,EQ,,,,NIGHT VIS G AN/PVS-7A,109,,N05482,A,0,0,0,0,0,2,23-Mar-2026
72060793958881155,72060793958881155,EQ,,,,TRK UT EX CAP M1152A1,109,,T37588,A,0,0,0,0,0,1,23-Mar-2026
72060793958881155,72060793958881155,EQ,,,,RADIO SET AN/VRC-90F,109,,R68044,A,0,0,0,0,0,1,23-Mar-2026
72060793958881155,72060793958881155,EQ,,,,NA SE SA AN/PSN-13(A),109,,N96248,A,0,0,0,0,0,1,23-Mar-2026
72060793958881153,72060793958881153,EQ,,,,"TRANSFER UNIT,CRYPTOG",109,,C05002,A,0,0,0,0,0,1,23-Mar-2026
72060793958881157,72060793958881127,UN,,,,Current Operations (CUOPS)/Support Staff,110,,,,1,0,0,1,0,0,23-Mar-2026
72060793958881158,72060793958881157,BL,,,,Command Judge Advocate (JA),110,O-4,27A00,,1,0,0,1,0,0,23-Mar-2026
72060793958881158,72060793958881158,EQ,,,,MASK SYSTEM CHEMICA,110,,M12986,A,0,0,0,0,0,1,23-Mar-2026
72060793958881158,72060793958881158,EQ,,,,"PISTOL,9MM,SEMIAUTO",110,,P05043,A,0,0,0,0,0,1,23-Mar-2026
72060793958881158,72060793958881158,EQ,,,,BAYONET MULTI SYS M9,110,,B49004,A,0,0,0,0,0,1,23-Mar-2026
72060793958881157,72060793958881157,EQ,,,,COMPUTER SYS: DIG,110,,C27963,A,0,0,0,0,0,1,23-Mar-2026
72060793958881160,72060793958881127,UN,,,,Intelligence Cell,111,,,,1,0,2,3,0,0,23-Mar-2026
72060793979034360,72060793958881160,BL,,,,Engineer Intelligence Officer,111,O-3,12A00,,1,0,0,1,0,0,23-Mar-2026
72060793979034360,72060793979034360,EQ,,,,CARBINE 5.56MILL M4A1,111,,C06935,A,0,0,0,0,0,1,23-Mar-2026
72060793979034360,72060793979034360,EQ,,,,MASK SYSTEM CHEMICA,111,,M12986,A,0,0,0,0,0,1,23-Mar-2026
72060793979034360,72060793979034360,EQ,,,,SIGHT REFLEX COLLIMA,111,,S60288,A,0,0,0,0,0,1,23-Mar-2026
72060793979034360,72060793979034360,EQ,,,,BAYONET MULTI SYS M9,111,,B49004,A,0,0,0,0,0,1,23-Mar-2026
72060793958881162,72060793958881160,CR,,,,Truck: Light Cargo/Troop,111,,,,0,0,1,1,0,0,23-Mar-2026
72060793958881144,72060793958881162,BL,,,,Vehicle Driver,111,E-3,12B1O,,0,0,1,1,0,0,23-Mar-2026
72060793958881144,72060793958881144,EQ,,,,MASK SYSTEM CHEMICA,111,,M12986,A,0,0,0,0,0,1,23-Mar-2026
72060793958881144,72060793958881144,EQ,,,,SIGHT REFLEX COLLIMA,111,,S60288,A,0,0,0,0,0,1,23-Mar-2026
72060793958881144,72060793958881144,EQ,,,,CARBINE 5.56MILL M4A1,111,,C06935,A,0,0,0,0,0,1,23-Mar-2026
72060793958881144,72060793958881144,EQ,,,,BAYONET MULTI SYS M9,111,,B49004,A,0,0,0,0,0,1,23-Mar-2026
72060793958881162,72060793958881162,EQ,,,,NA SE SA AN/PSN-13(A),111,,N96248,A,0,0,0,0,0,1,23-Mar-2026
72060793958881162,72060793958881162,EQ,,,,ANT GRP OE-254()/GRC,111,,A79381,A,0,0,0,0,0,1,23-Mar-2026
72060793958881162,72060793958881162,EQ,,,,RADIO SET AN/VRC-92F,111,,R45543,A,0,0,0,0,0,1,23-Mar-2026
72060793958881162,72060793958881162,EQ,,,,NIGHT VIS G AN/PVS-7A,111,,N05482,A,0,0,0,0,0,2,23-Mar-2026
72060793958881162,72060793958881162,EQ,,,,POWER SUPPLY,111,,P40750,A,0,0,0,0,0,1,23-Mar-2026
72060793958881162,72060793958881162,EQ,,,,TRK UT EX CAP M1152A1,111,,T37588,A,0,0,0,0,0,1,23-Mar-2026
72060793958881162,72060793958881162,EQ,,,,RADIO SET AN/PSC-5C,111,,R57606,A,0,0,0,0,0,1,23-Mar-2026
72060793958881164,72060793958881160,BL,,,,Senior Engineer Non-commissioned Officer (NCO),111,E-8,12Z5O,,0,0,1,1,0,0,23-Mar-2026
72060793958881164,72060793958881164,EQ,,,,CARBINE 5.56MILL M4A1,111,,C06935,A,0,0,0,0,0,1,23-Mar-2026
72060793958881164,72060793958881164,EQ,,,,MASK SYSTEM CHEMICA,111,,M12986,A,0,0,0,0,0,1,23-Mar-2026
72060793958881164,72060793958881164,EQ,,,,SIGHT REFLEX COLLIMA,111,,S60288,A,0,0,0,0,0,1,23-Mar-2026
72060793958881164,72060793958881164,EQ,,,,BAYONET MULTI SYS M9,111,,B49004,A,0,0,0,0,0,1,23-Mar-2026
72060793958881160,72060793958881160,EQ,,,,RADIAC ST AN/UDR-13,111,,R31061,A,0,0,0,0,0,1,23-Mar-2026
72060793958881160,72060793958881160,EQ,,,,COMPUTER SYS: DIG,111,,C27963,A,0,0,0,0,0,1,23-Mar-2026
72060793958881160,72060793958881160,EQ,,,,PWR PLT: UTILITY (MD),111,,P63462,A,0,0,0,0,0,1,23-Mar-2026
72060793958881160,72060793958881160,EQ,,,,RADIAC SET AN/VDR-2,111,,R20684,A,0,0,0,0,0,1,23-Mar-2026
72060793958881160,72060793958881160,EQ,,,,DTCTR CHMCL AGNT A,111,,J00697,A,0,0,0,0,0,1,23-Mar-2026
72060793958881160,72060793958881160,EQ,,,,"TRANSFER UNIT,CRYPTOG",111,,C05002,A,0,0,0,0,0,1,23-Mar-2026
72060793958881165,72060793958881127,UN,,,,Plans Cell,112,,,,3,0,2,5,0,0,23-Mar-2026
72060793958881166,72060793958881165,BL,,,,Assistant Operations Officer,112,O-4,01A00,,1,0,0,1,0,0,23-Mar-2026
72060793958881166,72060793958881166,EQ,,,,MASK SYSTEM CHEMICA,112,,M12986,A,0,0,0,0,0,1,23-Mar-2026
72060793958881166,72060793958881166,EQ,,,,BAYONET MULTI SYS M9,112,,B49004,A,0,0,0,0,0,1,23-Mar-2026
72060793958881166,72060793958881166,EQ,,,,"PISTOL,9MM,SEMIAUTO",112,,P05043,A,0,0,0,0,0,1,23-Mar-2026
72060793979034367,72060793958881165,BL,,,,Plans Officer,112,O-4,12A00,,1,0,0,1,0,0,23-Mar-2026
72060793979034367,72060793979034367,EQ,,,,MASK SYSTEM CHEMICA,112,,M12986,A,0,0,0,0,0,1,23-Mar-2026
72060793979034367,72060793979034367,EQ,,,,"PISTOL,9MM,SEMIAUTO",112,,P05043,A,0,0,0,0,0,1,23-Mar-2026
72060793979034367,72060793979034367,EQ,,,,BAYONET MULTI SYS M9,112,,B49004,A,0,0,0,0,0,1,23-Mar-2026
72060793979034368,72060793958881165,BL,,,,Assistant Plans Officer,112,O-3,12A00,,1,0,0,1,0,0,23-Mar-2026
72060793979034368,72060793979034368,EQ,,,,MASK SYSTEM CHEMICA,112,,M12986,A,0,0,0,0,0,1,23-Mar-2026
72060793979034368,72060793979034368,EQ,,,,SIGHT REFLEX COLLIMA,112,,S60288,A,0,0,0,0,0,1,23-Mar-2026
72060793979034368,72060793979034368,EQ,,,,CARBINE 5.56MILL M4A1,112,,C06935,A,0,0,0,0,0,1,23-Mar-2026
72060793979034368,72060793979034368,EQ,,,,BAYONET MULTI SYS M9,112,,B49004,A,0,0,0,0,0,1,23-Mar-2026
72060793958881170,72060793958881165,BL,,,,#1 Operations Sergeant,112,E-9,12A6O,,0,0,1,1,0,0,23-Mar-2026
72060793958881170,72060793958881170,EQ,,,,SIGHT REFLEX COLLIMA,112,,S60288,A,0,0,0,0,0,1,23-Mar-2026
72060793958881170,72060793958881170,EQ,,,,MASK SYSTEM CHEMICA,112,,M12986,A,0,0,0,0,0,1,23-Mar-2026
72060793958881170,72060793958881170,EQ,,,,CARBINE 5.56MILL M4A1,112,,C06935,A,0,0,0,0,0,1,23-Mar-2026
72060793958881170,72060793958881170,EQ,,,,BAYONET MULTI SYS M9,112,,B49004,A,0,0,0,0,0,1,23-Mar-2026
72060793958881171,72060793958881165,BL,,,,#2 Operations Sergeant,112,E-7,12C4O,,0,0,1,1,0,0,23-Mar-2026
72060793958881171,72060793958881171,EQ,,,,SIGHT REFLEX COLLIMA,112,,S60288,A,0,0,0,0,0,1,23-Mar-2026
72060793958881171,72060793958881171,EQ,,,,CARBINE 5.56MILL M4A1,112,,C06935,A,0,0,0,0,0,1,23-Mar-2026
72060793958881171,72060793958881171,EQ,,,,MASK SYSTEM CHEMICA,112,,M12986,A,0,0,0,0,0,1,23-Mar-2026
72060793958881171,72060793958881171,EQ,,,,BAYONET MULTI SYS M9,112,,B49004,A,0,0,0,0,0,1,23-Mar-2026
72060793958881165,72060793958881165,EQ,,,,COMPUTER SYS: DIG,112,,C27963,A,0,0,0,0,0,1,23-Mar-2026
72060793958881165,72060793958881165,EQ,,,,RADIAC SET AN/VDR-2,112,,R20684,A,0,0,0,0,0,1,23-Mar-2026
72060793958881165,72060793958881165,EQ,,,,RADIAC ST AN/UDR-13,112,,R31061,A,0,0,0,0,0,1,23-Mar-2026
72060793958881165,72060793958881165,EQ,,,,DTCTR CHMCL AGNT A,112,,J00697,A,0,0,0,0,0,1,23-Mar-2026
72060793958881165,72060793958881165,EQ,,,,ENCRYPTION-DECRYPTI,112,,E05008,A,0,0,0,0,0,1,23-Mar-2026
72060793958881165,72060793958881165,EQ,,,,COMPUTER SYSTEM DIGIT,112,,C05037,A,0,0,0,0,0,1,23-Mar-2026
72060793958881172,72060793958881127,UN,,,,Plans/Liaison Section,113,,,,1,0,1,2,0,0,23-Mar-2026
72060793979034372,72060793958881172,BL,,,,Plans Officer,113,O-3,12A00,,1,0,0,1,0,0,23-Mar-2026
72060793979034372,72060793979034372,EQ,,,,SIGHT REFLEX COLLIMA,113,,S60288,A,0,0,0,0,0,1,23-Mar-2026
72060793979034372,72060793979034372,EQ,,,,CARBINE 5.56MILL M4A1,113,,C06935,A,0,0,0,0,0,1,23-Mar-2026
72060793979034372,72060793979034372,EQ,,,,MASK SYSTEM CHEMICA,113,,M12986,A,0,0,0,0,0,1,23-Mar-2026
72060793979034372,72060793979034372,EQ,,,,BAYONET MULTI SYS M9,113,,B49004,A,0,0,0,0,0,1,23-Mar-2026
72060793958881174,72060793958881172,CR,,,,Truck: Light Cargo/Troop,113,,,,0,0,0,0,0,0,23-Mar-2026
72060793958881174,72060793958881174,EQ,,,,NIGHT VIS G AN/PVS-7A,113,,N05482,A,0,0,0,0,0,2,23-Mar-2026
72060793958881174,72060793958881174,EQ,,,,TRK UT EX CAP M1152A1,113,,T37588,A,0,0,0,0,0,1,23-Mar-2026
72060793958881174,72060793958881174,EQ,,,,RADIO SET AN/VRC-92F,113,,R45543,A,0,0,0,0,0,1,23-Mar-2026
72060793958881174,72060793958881174,EQ,,,,ANT GRP OE-254()/GRC,113,,A79381,A,0,0,0,0,0,1,23-Mar-2026
72060793958881174,72060793958881174,EQ,,,,ENCRYPTION-DECRYPTI,113,,E05008,A,0,0,0,0,0,1,23-Mar-2026
72060793958881174,72060793958881174,EQ,,,,"COMPUTER SYSTEM,DIGIT",113,,C05036,A,0,0,0,0,0,1,23-Mar-2026
72060793958881174,72060793958881174,EQ,,,,SOFTWARE,113,,M05098,A,0,0,0,0,0,1,23-Mar-2026
72060793958881174,72060793958881174,EQ,,,,NA SE SA AN/PSN-13(A),113,,N96248,A,0,0,0,0,0,1,23-Mar-2026
72060793958881175,72060793958881172,BL,,,,Construction Operations Sergeant,113,E-7,12H4O,,0,0,1,1,0,0,23-Mar-2026
72060793958881175,72060793958881175,EQ,,,,CARBINE 5.56MILL M4A1,113,,C06935,A,0,0,0,0,0,1,23-Mar-2026
72060793958881175,72060793958881175,EQ,,,,MASK SYSTEM CHEMICA,113,,M12986,A,0,0,0,0,0,1,23-Mar-2026
72060793958881175,72060793958881175,EQ,,,,SIGHT REFLEX COLLIMA,113,,S60288,A,0,0,0,0,0,1,23-Mar-2026
72060793958881175,72060793958881175,EQ,,,,BAYONET MULTI SYS M9,113,,B49004,A,0,0,0,0,0,1,23-Mar-2026
72060793958881172,72060793958881172,EQ,,,,"TRANSFER UNIT,CRYPTOG",113,,C05002,A,0,0,0,0,0,1,23-Mar-2026
72060793958881176,72060793958881127,UN,,,,Plans/Topographic,114,,,,0,1,7,8,0,0,23-Mar-2026
72060794020462747,72060793958881176,BL,,,,Geospatial Engineer Technician,114,W-2,125D0,,0,1,0,1,0,0,23-Mar-2026
72060794020462747,72060794020462747,EQ,,,,MASK SYSTEM CHEMICA,114,,M12986,A,0,0,0,0,0,1,23-Mar-2026
72060794020462747,72060794020462747,EQ,,,,CARBINE 5.56MILL M4A1,114,,C06935,A,0,0,0,0,0,1,23-Mar-2026
72060794020462747,72060794020462747,EQ,,,,SIGHT REFLEX COLLIMA,114,,S60288,A,0,0,0,0,0,1,23-Mar-2026
72060794020462747,72060794020462747,EQ,,,,BAYONET MULTI SYS M9,114,,B49004,A,0,0,0,0,0,1,23-Mar-2026
72060793958881178,72060793958881176,BL,,,,Geospatial Engineer Sergeant,114,E-5,12Y2O,,0,0,1,1,0,0,23-Mar-2026
72060793958881178,72060793958881178,EQ,,,,MASK SYSTEM CHEMICA,114,,M12986,A,0,0,0,0,0,1,23-Mar-2026
72060793958881178,72060793958881178,EQ,,,,SIGHT REFLEX COLLIMA,114,,S60288,A,0,0,0,0,0,1,23-Mar-2026
72060793958881178,72060793958881178,EQ,,,,CARBINE 5.56MILL M4A1,114,,C06935,A,0,0,0,0,0,1,23-Mar-2026
72060793958881178,72060793958881178,EQ,,,,BAYONET MULTI SYS M9,114,,B49004,A,0,0,0,0,0,1,23-Mar-2026
72060795929908226,72060793958881176,BL,,,,#1 Geospatial Database Specialist,114,E-4,12Y1O,,0,0,1,1,0,0,23-Mar-2026
72060795929908226,72060795929908226,EQ,,,,BAYONET MULTI SYS M9,114,,B49004,A,0,0,0,0,0,1,23-Mar-2026
72060795929908226,72060795929908226,EQ,,,,CARBINE 5.56MILL M4A1,114,,C06935,A,0,0,0,0,0,1,23-Mar-2026
72060795929908226,72060795929908226,EQ,,,,MASK SYSTEM CHEMICA,114,,M12986,A,0,0,0,0,0,1,23-Mar-2026
72060795929908226,72060795929908226,EQ,,,,SIGHT REFLEX COLLIMA,114,,S60288,A,0,0,0,0,0,1,23-Mar-2026
72060795929908227,72060793958881176,BL,,,,#2 Geospatial Database Specialist,114,E-4,12Y1O,,0,0,1,1,0,0,23-Mar-2026
72060795929908227,72060795929908227,EQ,,,,BAYONET MULTI SYS M9,114,,B49004,A,0,0,0,0,0,1,23-Mar-2026
72060795929908227,72060795929908227,EQ,,,,CARBINE 5.56MILL M4A1,114,,C06935,A,0,0,0,0,0,1,23-Mar-2026
72060795929908227,72060795929908227,EQ,,,,MASK SYSTEM CHEMICA,114,,M12986,A,0,0,0,0,0,1,23-Mar-2026
72060795929908227,72060795929908227,EQ,,,,SIGHT REFLEX COLLIMA,114,,S60288,A,0,0,0,0,0,1,23-Mar-2026
72060795929908225,72060793958881176,BL,,,,Geospatial Database Manager,114,E-6,12Y3O,,0,0,1,1,0,0,23-Mar-2026
72060795929908225,72060795929908225,EQ,,,,CARBINE 5.56MILL M4A1,114,,C06935,A,0,0,0,0,0,1,23-Mar-2026
72060795929908225,72060795929908225,EQ,,,,MASK SYSTEM CHEMICA,114,,M12986,A,0,0,0,0,0,1,23-Mar-2026
72060795929908225,72060795929908225,EQ,,,,SIGHT REFLEX COLLIMA,114,,S60288,A,0,0,0,0,0,1,23-Mar-2026
72060795929908225,72060795929908225,EQ,,,,BAYONET MULTI SYS M9,114,,B49004,A,0,0,0,0,0,1,23-Mar-2026
72060795929908224,72060793958881176,BL,,,,Senior Geospatial Engineering Supervisor,114,E-7,12Y4O,,0,0,1,1,0,0,23-Mar-2026
72060795929908224,72060795929908224,EQ,,,,BAYONET MULTI SYS M9,114,,B49004,A,0,0,0,0,0,1,23-Mar-2026
72060795929908224,72060795929908224,EQ,,,,MASK SYSTEM CHEMICA,114,,M12986,A,0,0,0,0,0,1,23-Mar-2026
72060795929908224,72060795929908224,EQ,,,,SIGHT REFLEX COLLIMA,114,,S60288,A,0,0,0,0,0,1,23-Mar-2026
72060795929908224,72060795929908224,EQ,,,,CARBINE 5.56MILL M4A1,114,,C06935,A,0,0,0,0,0,1,23-Mar-2026
72060795929908229,72060793958881176,BL,,,,Geospatial Production Specialist,114,E-3,12Y1O,,0,0,1,1,0,0,23-Mar-2026
72060795929908229,72060795929908229,EQ,,,,MACH GUN 5.56MM M249,114,,M09009,A,0,0,0,0,0,1,23-Mar-2026
72060795929908229,72060795929908229,EQ,,,,MASK SYSTEM CHEMICA,114,,M12986,A,0,0,0,0,0,1,23-Mar-2026
72060795929908229,72060795929908229,EQ,,,,SIGHT BORE OPT M150,114,,S45729,A,0,0,0,0,0,1,23-Mar-2026
72060795929908229,72060795929908229,EQ,,,,BAYONET MULTI SYS M9,114,,B49004,A,0,0,0,0,0,1,23-Mar-2026
72060795929908229,72060795929908229,EQ,,,,TOOL KIT GENERAL ME,114,,T28688,A,0,0,0,0,0,1,23-Mar-2026
72060795929908228,72060793958881176,BL,,,,Geospatial Engineering Analyst,114,E-3,12Y1O,,0,0,1,1,0,0,23-Mar-2026
72060795929908228,72060795929908228,EQ,,,,SIGHT REFLEX COLLIMA,114,,S60288,A,0,0,0,0,0,1,23-Mar-2026
72060795929908228,72060795929908228,EQ,,,,CARBINE 5.56MILL M4A1,114,,C06935,A,0,0,0,0,0,1,23-Mar-2026
72060795929908228,72060795929908228,EQ,,,,MASK SYSTEM CHEMICA,114,,M12986,A,0,0,0,0,0,1,23-Mar-2026
72060795929908228,72060795929908228,EQ,,,,BAYONET MULTI SYS M9,114,,B49004,A,0,0,0,0,0,1,23-Mar-2026
72060793958881176,72060793958881176,EQ,,,,RADIAC ST AN/UDR-13,114,,R31061,A,0,0,0,0,0,1,23-Mar-2026
72060793958881176,72060793958881176,EQ,,,,COMPUTER SYS: DIG,114,,C27963,A,0,0,0,0,0,1,23-Mar-2026
72060793958881176,72060793958881176,EQ,,,,TOOL KT EL TK-101/GSQ,114,,W37483,A,0,0,0,0,0,1,23-Mar-2026
72060793958881176,72060793958881176,EQ,,,,DIG TOP AN/TYQ-71(V)3,114,,D11498,A,0,0,0,0,0,2,23-Mar-2026
72060793958881182,72060793958881127,UN,,,,Plans/Survey Design,115,,,,0,0,10,10,0,0,23-Mar-2026
72060793958881183,72060793958881182,BL,,,,Senior Technical Engineer (TE) Topographic Survey Non-commissioned Officer (NCO),115,E-7,12T4O,,0,0,1,1,0,0,23-Mar-2026
72060793958881183,72060793958881183,EQ,,,,MASK SYSTEM CHEMICA,115,,M12986,A,0,0,0,0,0,1,23-Mar-2026
72060793958881183,72060793958881183,EQ,,,,"PISTOL,9MM,SEMIAUTO",115,,P05043,A,0,0,0,0,0,1,23-Mar-2026
72060793958881183,72060793958881183,EQ,,,,BAYONET MULTI SYS M9,115,,B49004,A,0,0,0,0,0,1,23-Mar-2026
72060793958881183,72060793958881183,EQ,,,,NA SE SA AN/PSN-13(A),115,,N96248,A,0,0,0,0,0,1,23-Mar-2026
72060793958881183,72060793958881183,EQ,,,,NA SE SA AN/PSN-13(A),115,,N96248,A,0,0,0,0,0,1,23-Mar-2026
72060793958881186,72060793958881182,BL,,,,Senior Technical Engineer Non-commissioned Officer (NCO),115,E-7,12T4O,,0,0,1,1,0,0,23-Mar-2026
72060793958881186,72060793958881186,EQ,,,,SIGHT REFLEX COLLIMA,115,,S60288,A,0,0,0,0,0,1,23-Mar-2026
72060793958881186,72060793958881186,EQ,,,,MASK SYSTEM CHEMICA,115,,M12986,A,0,0,0,0,0,1,23-Mar-2026
72060793958881186,72060793958881186,EQ,,,,CARBINE 5.56MILL M4A1,115,,C06935,A,0,0,0,0,0,1,23-Mar-2026
72060793958881186,72060793958881186,EQ,,,,BAYONET MULTI SYS M9,115,,B49004,A,0,0,0,0,0,1,23-Mar-2026
72060793958881192,72060793958881182,BL,,,,Technical Engineer Sergeant,115,E-5,12T2O,,0,0,1,1,0,0,23-Mar-2026
72060793958881192,72060793958881192,EQ,,,,CARBINE 5.56MILL M4A1,115,,C06935,A,0,0,0,0,0,1,23-Mar-2026
72060793958881192,72060793958881192,EQ,,,,MASK SYSTEM CHEMICA,115,,M12986,A,0,0,0,0,0,1,23-Mar-2026
72060793958881192,72060793958881192,EQ,,,,SIGHT BORE OPT M150,115,,S45729,A,0,0,0,0,0,1,23-Mar-2026
72060793958881192,72060793958881192,EQ,,,,BAYONET MULTI SYS M9,115,,B49004,A,0,0,0,0,0,1,23-Mar-2026
72060793958881197,72060793958881182,BL,,,,#1 Technical Engineer Specialist,115,E-3,12T1O,,0,0,1,1,0,0,23-Mar-2026
72060793958881197,72060793958881197,EQ,,,,SIGHT REFLEX COLLIMA,115,,S60288,A,0,0,0,0,0,1,23-Mar-2026
72060793958881197,72060793958881197,EQ,,,,MASK SYSTEM CHEMICA,115,,M12986,A,0,0,0,0,0,1,23-Mar-2026
72060793958881197,72060793958881197,EQ,,,,CARBINE 5.56MILL M4A1,115,,C06935,A,0,0,0,0,0,1,23-Mar-2026
72060793958881197,72060793958881197,EQ,,,,BAYONET MULTI SYS M9,115,,B49004,A,0,0,0,0,0,1,23-Mar-2026
72060793958881194,72060793958881182,CR,,,,Truck: Light Medium Tactical Vehicle (LMTV),115,,,,0,0,1,1,0,0,23-Mar-2026
72060793958881195,72060793958881194,BL,,,,Technical Engineer Specialist,115,E-4,12T1O,,0,0,1,1,0,0,23-Mar-2026
72060793958881195,72060793958881195,EQ,,,,MACH GUN 5.56MM M249,115,,M09009,A,0,0,0,0,0,1,23-Mar-2026
72060793958881195,72060793958881195,EQ,,,,MASK SYSTEM CHEMICA,115,,M12986,A,0,0,0,0,0,1,23-Mar-2026
72060793958881195,72060793958881195,EQ,,,,SIGHT BORE OPT M150,115,,S45729,A,0,0,0,0,0,1,23-Mar-2026
72060793958881195,72060793958881195,EQ,,,,BAYONET MULTI SYS M9,115,,B49004,A,0,0,0,0,0,1,23-Mar-2026
72060793958881194,72060793958881194,EQ,,,,NIGHT VIS G AN/PVS-7A,115,,N05482,A,0,0,0,0,0,2,23-Mar-2026
72060793958881194,72060793958881194,EQ,,,,TRK CG M1078A1P2 WO/W,115,,T59448,A,0,0,0,0,0,1,23-Mar-2026
72060793958881194,72060793958881194,EQ,,,,RADIO SET AN/VRC-90F,115,,R68044,A,0,0,0,0,0,1,23-Mar-2026
72060793958881196,72060793958881182,BL,,,,Technical Engineer (TE) Topographic Survey Sergeant,115,E-5,12T2O,,0,0,1,1,0,0,23-Mar-2026
72060793958881196,72060793958881196,EQ,,,,MASK SYSTEM CHEMICA,115,,M12986,A,0,0,0,0,0,1,23-Mar-2026
72060793958881196,72060793958881196,EQ,,,,"PISTOL,9MM,SEMIAUTO",115,,P05043,A,0,0,0,0,0,1,23-Mar-2026
72060793958881196,72060793958881196,EQ,,,,BAYONET MULTI SYS M9,115,,B49004,A,0,0,0,0,0,1,23-Mar-2026
72060793958881196,72060793958881196,EQ,,,,NA SE SA AN/PSN-13(A),115,,N96248,A,0,0,0,0,0,1,23-Mar-2026
72060794345814064,72060793958881182,BL,,,,#2 Technical Engineer Specialist,115,E-3,12T1O,,0,0,1,1,0,0,23-Mar-2026
72060794345814064,72060794345814064,EQ,,,,MASK SYSTEM CHEMICA,115,,M12986,A,0,0,0,0,0,1,23-Mar-2026
72060794345814064,72060794345814064,EQ,,,,CARBINE 5.56MILL M4A1,115,,C06935,A,0,0,0,0,0,1,23-Mar-2026
72060794345814064,72060794345814064,EQ,,,,SIGHT BORE OPT M150,115,,S45729,A,0,0,0,0,0,1,23-Mar-2026
72060794345814064,72060794345814064,EQ,,,,BAYONET MULTI SYS M9,115,,B49004,A,0,0,0,0,0,1,23-Mar-2026
72060794739018580,72060793958881182,CR,,,,1st Truck: Light Cargo/Troop,115,,,,0,0,1,1,0,0,23-Mar-2026
72060793958881185,72060794739018580,BL,,,,Technical Engineer Specialist,115,E-4,12T1O,,0,0,1,1,0,0,23-Mar-2026
72060793958881185,72060793958881185,EQ,,,,MASK SYSTEM CHEMICA,115,,M12986,A,0,0,0,0,0,1,23-Mar-2026
72060793958881185,72060793958881185,EQ,,,,SIGHT REFLEX COLLIMA,115,,S60288,A,0,0,0,0,0,1,23-Mar-2026
72060793958881185,72060793958881185,EQ,,,,CARBINE 5.56MILL M4A1,115,,C06935,A,0,0,0,0,0,1,23-Mar-2026
72060793958881185,72060793958881185,EQ,,,,BAYONET MULTI SYS M9,115,,B49004,A,0,0,0,0,0,1,23-Mar-2026
72060794739018580,72060794739018580,EQ,,,,TLR CGO HI MOB 3/4T,115,,T95992,A,0,0,0,0,0,1,23-Mar-2026
72060794739018580,72060794739018580,EQ,,,,RADIO SET AN/VRC-90F,115,,R68044,A,0,0,0,0,0,1,23-Mar-2026
72060794739018580,72060794739018580,EQ,,,,NIGHT VIS G AN/PVS-7A,115,,N05482,A,0,0,0,0,0,2,23-Mar-2026
72060794739018580,72060794739018580,EQ,,,,TRK UT EX CAP M1152A1,115,,T37588,A,0,0,0,0,0,1,23-Mar-2026
72060794739018580,72060794739018580,EQ,,,,ENCRYPTION-DECRYPTI,115,,E05008,A,0,0,0,0,0,1,23-Mar-2026
72060794739018580,72060794739018580,EQ,,,,SOFTWARE,115,,M05098,A,0,0,0,0,0,1,23-Mar-2026
72060794739018580,72060794739018580,EQ,,,,"COMPUTER SYSTEM,DIGIT",115,,C05036,A,0,0,0,0,0,1,23-Mar-2026
72060793958881182,72060793958881182,EQ,,,,TEST SE ASPHALT,115,,V64463,A,0,0,0,0,0,1,23-Mar-2026
72060793958881182,72060793958881182,EQ,,,,TEST SET SOIL,115,,V92959,A,0,0,0,0,0,1,23-Mar-2026
72060793958881182,72060793958881182,EQ,,,,DETECT SE M AN/PSS-14,115,,D03932,A,0,0,0,0,0,2,23-Mar-2026
72060793958881182,72060793958881182,EQ,,,,"SURVEYING SET,GENERAL",115,,U70179,A,0,0,0,0,0,3,23-Mar-2026
72060793958881182,72060793958881182,EQ,,,,SURV INSTRUMENT ELECT,115,,S03726,A,0,0,0,0,0,5,23-Mar-2026
72060793958881182,72060793958881182,EQ,,,,TEST SET CONCRETE,115,,V71587,A,0,0,0,0,0,1,23-Mar-2026
72060793958881182,72060793958881182,EQ,,,,"TRANSFER UNIT,CRYPTOG",115,,C05002,A,0,0,0,0,0,2,23-Mar-2026
72060794739018584,72060793958881182,CR,,,,2nd Truck: Light Cargo/Troop,115,,,,0,0,1,1,0,0,23-Mar-2026
72060793958881191,72060794739018584,BL,,,,Technical Engineer (TE) Topographic Survey Specialist,115,E-4,12T1O,,0,0,1,1,0,0,23-Mar-2026
72060793958881191,72060793958881191,EQ,,,,MASK SYSTEM CHEMICA,115,,M12986,A,0,0,0,0,0,1,23-Mar-2026
72060793958881191,72060793958881191,EQ,,,,BAYONET MULTI SYS M9,115,,B49004,A,0,0,0,0,0,1,23-Mar-2026
72060793958881191,72060793958881191,EQ,,,,"PISTOL,9MM,SEMIAUTO",115,,P05043,A,0,0,0,0,0,1,23-Mar-2026
72060794739018584,72060794739018584,EQ,,,,RADIO SET AN/VRC-90F,115,,R68044,A,0,0,0,0,0,1,23-Mar-2026
72060794739018584,72060794739018584,EQ,,,,NIGHT VIS G AN/PVS-7A,115,,N05482,A,0,0,0,0,0,2,23-Mar-2026
72060794739018584,72060794739018584,EQ,,,,TRK UT EX CAP M1152A1,115,,T37588,A,0,0,0,0,0,1,23-Mar-2026
72060794739018582,72060793958881182,CR,,,,3rd Truck: Light Cargo/Troop,115,,,,0,0,1,1,0,0,23-Mar-2026
72060793958881188,72060794739018582,BL,,,,Technical Engineer (TE) Topographic Survey Specialist,115,E-3,12T1O,,0,0,1,1,0,0,23-Mar-2026
72060793958881188,72060793958881188,EQ,,,,MASK SYSTEM CHEMICA,115,,M12986,A,0,0,0,0,0,1,23-Mar-2026
72060793958881188,72060793958881188,EQ,,,,"PISTOL,9MM,SEMIAUTO",115,,P05043,A,0,0,0,0,0,1,23-Mar-2026
72060793958881188,72060793958881188,EQ,,,,BAYONET MULTI SYS M9,115,,B49004,A,0,0,0,0,0,1,23-Mar-2026
72060794739018582,72060794739018582,EQ,,,,NIGHT VIS G AN/PVS-7A,115,,N05482,A,0,0,0,0,0,2,23-Mar-2026
72060794739018582,72060794739018582,EQ,,,,TRK UT EX CAP M1152A1,115,,T37588,A,0,0,0,0,0,1,23-Mar-2026
72060794739018582,72060794739018582,EQ,,,,TLR CGO HI MOB 3/4T,115,,T95992,A,0,0,0,0,0,1,23-Mar-2026
72060794739018582,72060794739018582,EQ,,,,RADIO SET AN/VRC-90F,115,,R68044,A,0,0,0,0,0,1,23-Mar-2026
72060793958881199,72060793958881127,UN,,,,Sustainment/Logistics Cell,116,,,,2,4,6,12,0,0,23-Mar-2026
72060793958881201,72060793958881199,CR,,,,Truck: Light Command and Control (C2) Vehicle,116,,,,0,0,1,1,0,0,23-Mar-2026
72060795881943640,72060793958881201,BL,,,,Supply Non-commissioned Officer (NCO),116,E-5,92Y2O,,0,0,1,1,0,0,23-Mar-2026
72060795881943640,72060795881943640,EQ,,,,BAYONET MULTI SYS M9,116,,B49004,A,0,0,0,0,0,1,23-Mar-2026
72060795881943640,72060795881943640,EQ,,,,CARBINE 5.56MILL M4A1,116,,C06935,A,0,0,0,0,0,1,23-Mar-2026
72060795881943640,72060795881943640,EQ,,,,MASK SYSTEM CHEMICA,116,,M12986,A,0,0,0,0,0,1,23-Mar-2026
72060795881943640,72060795881943640,EQ,,,,SIGHT REFLEX COLLIMA,116,,S60288,A,0,0,0,0,0,1,23-Mar-2026
72060793958881201,72060793958881201,EQ,,,,RADIO SET AN/VRC-92F,116,,R45543,A,0,0,0,0,0,1,23-Mar-2026
72060793958881201,72060793958881201,EQ,,,,ANT GRP OE-254()/GRC,116,,A79381,A,0,0,0,0,0,1,23-Mar-2026
72060793958881201,72060793958881201,EQ,,,,NIGHT VIS G AN/PVS-7A,116,,N05482,A,0,0,0,0,0,2,23-Mar-2026
72060793958881201,72060793958881201,EQ,,,,TR UT EX CAP: M1165A1,116,,T56383,A,0,0,0,0,0,1,23-Mar-2026
72060793958881201,72060793958881201,EQ,,,,POWER SUPPLY,116,,P40750,A,0,0,0,0,0,1,23-Mar-2026
72060793958881201,72060793958881201,EQ,,,,ENCRYPTION-DECRYPTI,116,,E05008,A,0,0,0,0,0,1,23-Mar-2026
72060793958881201,72060793958881201,EQ,,,,"COMPUTER SYSTEM,DIGIT",116,,C05036,A,0,0,0,0,0,1,23-Mar-2026
72060793958881201,72060793958881201,EQ,,,,SOFTWARE,116,,M05098,A,0,0,0,0,0,1,23-Mar-2026
72060793958881201,72060793958881201,EQ,,,,NA SE SA AN/PSN-13(A),116,,N96248,A,0,0,0,0,0,1,23-Mar-2026
72060793958881204,72060793958881199,CR,,,,Truck: Light Medium Tactical Vehicle (LMTV),116,,,,0,0,0,0,0,0,23-Mar-2026
72060793958881204,72060793958881204,EQ,,,,NIGHT VIS G AN/PVS-7A,116,,N05482,A,0,0,0,0,0,2,23-Mar-2026
72060793958881204,72060793958881204,EQ,,,,TRLER FLAT BED M1082,116,,T96564,A,0,0,0,0,0,1,23-Mar-2026
72060793958881204,72060793958881204,EQ,,,,RADIO SET AN/VRC-90F,116,,R68044,A,0,0,0,0,0,1,23-Mar-2026
72060793958881204,72060793958881204,EQ,,,,TRK CG M1078A1P2 WO/W,116,,T59448,A,0,0,0,0,0,1,23-Mar-2026
72060793979034404,72060793958881199,BL,,,,Engineer Equipment Officer,116,O-3,12A00,,1,0,0,1,0,0,23-Mar-2026
72060793979034404,72060793979034404,EQ,,,,SIGHT REFLEX COLLIMA,116,,S60288,A,0,0,0,0,0,1,23-Mar-2026
72060793979034404,72060793979034404,EQ,,,,CARBINE 5.56MILL M4A1,116,,C06935,A,0,0,0,0,0,1,23-Mar-2026
72060793979034404,72060793979034404,EQ,,,,MASK SYSTEM CHEMICA,116,,M12986,A,0,0,0,0,0,1,23-Mar-2026
72060793979034404,72060793979034404,EQ,,,,BAYONET MULTI SYS M9,116,,B49004,A,0,0,0,0,0,1,23-Mar-2026
72060793958881207,72060793958881199,BL,,,,Senior Supply Supervisor,116,E-9,92Z6O,,0,0,1,1,0,0,23-Mar-2026
72060793958881207,72060793958881207,EQ,,,,MASK SYSTEM CHEMICA,116,,M12986,A,0,0,0,0,0,1,23-Mar-2026
72060793958881207,72060793958881207,EQ,,,,SIGHT REFLEX COLLIMA,116,,S60288,A,0,0,0,0,0,1,23-Mar-2026
72060793958881207,72060793958881207,EQ,,,,CARBINE 5.56MILL M4A1,116,,C06935,A,0,0,0,0,0,1,23-Mar-2026
72060793958881207,72060793958881207,EQ,,,,BAYONET MULTI SYS M9,116,,B49004,A,0,0,0,0,0,1,23-Mar-2026
72060793958881208,72060793958881199,BL,,,,Senior Maintenance Supervisor,116,E-8,91Z5O,,0,0,1,1,0,0,23-Mar-2026
72060793958881208,72060793958881208,EQ,,,,MASK SYSTEM CHEMICA,116,,M12986,A,0,0,0,0,0,1,23-Mar-2026
72060793958881208,72060793958881208,EQ,,,,SIGHT REFLEX COLLIMA,116,,S60288,A,0,0,0,0,0,1,23-Mar-2026
72060793958881208,72060793958881208,EQ,,,,CARBINE 5.56MILL M4A1,116,,C06935,A,0,0,0,0,0,1,23-Mar-2026
72060793958881208,72060793958881208,EQ,,,,BAYONET MULTI SYS M9,116,,B49004,A,0,0,0,0,0,1,23-Mar-2026
72060793958881210,72060793958881199,BL,,,,Food Advisor,116,W-2,922A0,,0,1,0,1,0,0,23-Mar-2026
72060793958881210,72060793958881210,EQ,,,,MASK SYSTEM CHEMICA,116,,M12986,A,0,0,0,0,0,1,23-Mar-2026
72060793958881210,72060793958881210,EQ,,,,CARBINE 5.56MILL M4A1,116,,C06935,A,0,0,0,0,0,1,23-Mar-2026
72060793958881210,72060793958881210,EQ,,,,SIGHT REFLEX COLLIMA,116,,S60288,A,0,0,0,0,0,1,23-Mar-2026
72060793958881210,72060793958881210,EQ,,,,BAYONET MULTI SYS M9,116,,B49004,A,0,0,0,0,0,1,23-Mar-2026
72060794061793876,72060793958881199,BL,,,,Senior Culinary Management Non-commissioned Officer (NCO),116,E-8,92G5O,,0,0,1,1,0,0,23-Mar-2026
72060794061793876,72060794061793876,EQ,,,,SIGHT REFLEX COLLIMA,116,,S60288,A,0,0,0,0,0,1,23-Mar-2026
72060794061793876,72060794061793876,EQ,,,,CARBINE 5.56MILL M4A1,116,,C06935,A,0,0,0,0,0,1,23-Mar-2026
72060794061793876,72060794061793876,EQ,,,,MASK SYSTEM CHEMICA,116,,M12986,A,0,0,0,0,0,1,23-Mar-2026
72060794061793876,72060794061793876,EQ,,,,BAYONET MULTI SYS M9,116,,B49004,A,0,0,0,0,0,1,23-Mar-2026
72060793958881212,72060793958881199,BL,,,,Property Book Non-commissioned Officer (NCO),116,E-5,92Y2O,,0,0,1,1,0,0,23-Mar-2026
72060793958881212,72060793958881212,EQ,,,,MACH GUN 5.56MM M249,116,,M09009,A,0,0,0,0,0,1,23-Mar-2026
72060793958881212,72060793958881212,EQ,,,,MASK SYSTEM CHEMICA,116,,M12986,A,0,0,0,0,0,1,23-Mar-2026
72060793958881212,72060793958881212,EQ,,,,SIGHT BORE OPT M150,116,,S45729,A,0,0,0,0,0,1,23-Mar-2026
72060793958881212,72060793958881212,EQ,,,,BAYONET MULTI SYS M9,116,,B49004,A,0,0,0,0,0,1,23-Mar-2026
72060793958881199,72060793958881199,EQ,,,,RADIAC ST AN/UDR-13,116,,R31061,A,0,0,0,0,0,1,23-Mar-2026
72060793958881199,72060793958881199,EQ,,,,COMPUTER SYS: DIG,116,,C27963,A,0,0,0,0,0,1,23-Mar-2026
72060793958881199,72060793958881199,EQ,,,,GEN SET MEP MOD 501-A,116,,G36237,A,0,0,0,0,0,1,23-Mar-2026
72060793958881199,72060793958881199,EQ,,,,COL PROT EQ NBC M20,116,,C79000,A,0,0,0,0,0,1,23-Mar-2026
72060793958881199,72060793958881199,EQ,,,,RADIAC SET AN/VDR-2,116,,R20684,A,0,0,0,0,0,1,23-Mar-2026
72060793958881199,72060793958881199,EQ,,,,PWR PLT: UTILITY (MD),116,,P63462,A,0,0,0,0,0,1,23-Mar-2026
72060793958881199,72060793958881199,EQ,,,,ANT GRP OE-254()/GRC,116,,A79381,A,0,0,0,0,0,1,23-Mar-2026
72060793958881199,72060793958881199,EQ,,,,DTCTR CHMCL AGNT A,116,,J00697,A,0,0,0,0,0,1,23-Mar-2026
72060793958881199,72060793958881199,EQ,,,,"TRANSFER UNIT,CRYPTOG",116,,C05002,A,0,0,0,0,0,1,23-Mar-2026
72060793958881199,72060793958881199,EQ,,,,CMT ST DI: AN/TYQ-151,116,,C05072,A,0,0,0,0,0,1,23-Mar-2026
72060793958881199,72060793958881199,EQ,,,,COM ST DIG OL-605/TYQ,116,,C05070,A,0,0,0,0,0,1,23-Mar-2026
72060793958881199,72060793958881199,EQ,,,,COM ST DIG OL-605/TYQ,116,,C05070,A,0,0,0,0,0,2,23-Mar-2026
72060793958881199,72060793958881199,EQ,,,,COM ST DIG OL-605/TYQ,116,,C05070,A,0,0,0,0,0,1,23-Mar-2026
72060795159111277,72060793958881199,BL,,,,PROPERTY BOOK OFFICER,116,W-2,920A0,,0,1,0,1,0,0,23-Mar-2026
72060795159111277,72060795159111277,EQ,,,,MASK SYSTEM CHEMICA,116,,M12986,A,0,0,0,0,0,1,23-Mar-2026
72060795159111277,72060795159111277,EQ,,,,SIGHT REFLEX COLLIMA,116,,S60288,A,0,0,0,0,0,1,23-Mar-2026
72060795159111277,72060795159111277,EQ,,,,CARBINE 5.56MILL M4A1,116,,C06935,A,0,0,0,0,0,1,23-Mar-2026
72060795159111277,72060795159111277,EQ,,,,BAYONET MULTI SYS M9,116,,B49004,A,0,0,0,0,0,1,23-Mar-2026
72060793958881199,72060793958881199,EQ,,,,ENCRYPTION-DECRYPTI,116,,E05008,A,0,0,0,0,0,1,23-Mar-2026
72060793958881199,72060793958881199,EQ,,,,COMPUTER SYSTEM DIGIT,116,,C05037,A,0,0,0,0,0,1,23-Mar-2026
72060793958881199,72060793958881199,EQ,,,,"GENERATOR SET,DIESEL",116,,G07461,A,0,0,0,0,0,1,23-Mar-2026
72060795783665898,72060793958881199,BL,,,,Mobility Officer,116,W-2,882A0,,0,1,0,1,0,0,23-Mar-2026
72060795783665898,72060795783665898,EQ,,,,BAYONET MULTI SYS M9,116,,B49004,A,0,0,0,0,0,1,23-Mar-2026
72060795783665898,72060795783665898,EQ,,,,SIGHT REFLEX COLLIMA,116,,S60288,A,0,0,0,0,0,1,23-Mar-2026
72060795783665898,72060795783665898,EQ,,,,MASK SYSTEM CHEMICA,116,,M12986,A,0,0,0,0,0,1,23-Mar-2026
72060795783665898,72060795783665898,EQ,,,,CARBINE 5.56MILL M4A1,116,,C06935,A,0,0,0,0,0,1,23-Mar-2026
72060795783665897,72060793958881199,BL,,,,Logistics Officer,116,O-4,90A00,,1,0,0,1,0,0,23-Mar-2026
72060795783665897,72060795783665897,EQ,,,,"PISTOL,9MM,SEMIAUTO",116,,P05043,A,0,0,0,0,0,1,23-Mar-2026
72060795783665897,72060795783665897,EQ,,,,BAYONET MULTI SYS M9,116,,B49004,A,0,0,0,0,0,1,23-Mar-2026
72060795783665897,72060795783665897,EQ,,,,MASK SYSTEM CHEMICA,116,,M12986,A,0,0,0,0,0,1,23-Mar-2026
72060795881943641,72060793958881199,BL,,,,Senior Supply Sergeant,116,E-8,92Y5O,,0,0,1,1,0,0,23-Mar-2026
72060795881943641,72060795881943641,EQ,,,,BAYONET MULTI SYS M9,116,,B49004,A,0,0,0,0,0,1,23-Mar-2026
72060795881943641,72060795881943641,EQ,,,,CARBINE 5.56MILL M4A1,116,,C06935,A,0,0,0,0,0,1,23-Mar-2026
72060795881943641,72060795881943641,EQ,,,,MASK SYSTEM CHEMICA,116,,M12986,A,0,0,0,0,0,1,23-Mar-2026
72060795881943641,72060795881943641,EQ,,,,SIGHT REFLEX COLLIMA,116,,S60288,A,0,0,0,0,0,1,23-Mar-2026
72060795929908230,72060793958881199,BL,,,,Senior Track Maintenance Warrant Officer,116,W-4,915T0,,0,1,0,1,0,0,23-Mar-2026
72060795929908230,72060795929908230,EQ,,,,SIGHT REFLEX COLLIMA,116,,S60288,A,0,0,0,0,0,1,23-Mar-2026
72060795929908230,72060795929908230,EQ,,,,MASK SYSTEM CHEMICA,116,,M12986,A,0,0,0,0,0,1,23-Mar-2026
72060795929908230,72060795929908230,EQ,,,,BAYONET MULTI SYS M9,116,,B49004,A,0,0,0,0,0,1,23-Mar-2026
72060795929908230,72060795929908230,EQ,,,,CARBINE 5.56MILL M4A1,116,,C06935,A,0,0,0,0,0,1,23-Mar-2026
72060793958881213,72060793958881127,UN,,,,Sustainment/S1,117,,,,1,1,7,9,0,0,23-Mar-2026
72060793958881214,72060793958881213,BL,,,,Personnel Staff Officer/S1,117,O-4,42H00,,1,0,0,1,0,0,23-Mar-2026
72060793958881214,72060793958881214,EQ,,,,MASK SYSTEM CHEMICA,117,,M12986,A,0,0,0,0,0,1,23-Mar-2026
72060793958881214,72060793958881214,EQ,,,,"PISTOL,9MM,SEMIAUTO",117,,P05043,A,0,0,0,0,0,1,23-Mar-2026
72060793958881214,72060793958881214,EQ,,,,BAYONET MULTI SYS M9,117,,B49004,A,0,0,0,0,0,1,23-Mar-2026
72060793958881215,72060793958881213,BL,,,,#1 Human Resources Specialist,117,E-4,42A1O,,0,0,1,1,0,0,23-Mar-2026
72060793958881215,72060793958881215,EQ,,,,MACH GUN 5.56MM M249,117,,M09009,A,0,0,0,0,0,1,23-Mar-2026
72060793958881215,72060793958881215,EQ,,,,SIGHT BORE OPT M150,117,,S45729,A,0,0,0,0,0,1,23-Mar-2026
72060793958881215,72060793958881215,EQ,,,,MASK SYSTEM CHEMICA,117,,M12986,A,0,0,0,0,0,1,23-Mar-2026
72060793958881215,72060793958881215,EQ,,,,BAYONET MULTI SYS M9,117,,B49004,A,0,0,0,0,0,1,23-Mar-2026
72060793958881216,72060793958881213,BL,,,,Human Resources (HR) Technician,117,W-2,420A0,,0,1,0,1,0,0,23-Mar-2026
72060793958881216,72060793958881216,EQ,,,,CARBINE 5.56MILL M4A1,117,,C06935,A,0,0,0,0,0,1,23-Mar-2026
72060793958881216,72060793958881216,EQ,,,,SIGHT REFLEX COLLIMA,117,,S60288,A,0,0,0,0,0,1,23-Mar-2026
72060793958881216,72060793958881216,EQ,,,,MASK SYSTEM CHEMICA,117,,M12986,A,0,0,0,0,0,1,23-Mar-2026
72060793958881216,72060793958881216,EQ,,,,BAYONET MULTI SYS M9,117,,B49004,A,0,0,0,0,0,1,23-Mar-2026
72060793958881217,72060793958881213,CR,,,,Truck: Light Medium Tactical Vehicle (LMTV),117,,,,0,0,1,1,0,0,23-Mar-2026
72060793958881218,72060793958881217,BL,,,,Human Resources Specialist,117,E-3,42A1O,,0,0,1,1,0,0,23-Mar-2026
72060793958881218,72060793958881218,EQ,,,,SIGHT REFLEX COLLIMA,117,,S60288,A,0,0,0,0,0,1,23-Mar-2026
72060793958881218,72060793958881218,EQ,,,,CARBINE 5.56MILL M4A1,117,,C06935,A,0,0,0,0,0,1,23-Mar-2026
72060793958881218,72060793958881218,EQ,,,,MASK SYSTEM CHEMICA,117,,M12986,A,0,0,0,0,0,1,23-Mar-2026
72060793958881218,72060793958881218,EQ,,,,BAYONET MULTI SYS M9,117,,B49004,A,0,0,0,0,0,1,23-Mar-2026
72060793958881217,72060793958881217,EQ,,,,NIGHT VIS G AN/PVS-7A,117,,N05482,A,0,0,0,0,0,2,23-Mar-2026
72060793958881217,72060793958881217,EQ,,,,TRK CG M1078A1P2 WO/W,117,,T59448,A,0,0,0,0,0,1,23-Mar-2026
72060793958881217,72060793958881217,EQ,,,,TRLER FLAT BED M1082,117,,T96564,A,0,0,0,0,0,1,23-Mar-2026
72060793958881217,72060793958881217,EQ,,,,RADIO SET AN/VRC-92F,117,,R45543,A,0,0,0,0,0,1,23-Mar-2026
72060793958881217,72060793958881217,EQ,,,,ANT GRP OE-254()/GRC,117,,A79381,A,0,0,0,0,0,1,23-Mar-2026
72060793958881221,72060793958881213,BL,,,,#2 Human Resources Specialist,117,E-3,42A1O,,0,0,1,1,0,0,23-Mar-2026
72060793958881221,72060793958881221,EQ,,,,CARBINE 5.56MILL M4A1,117,,C06935,A,0,0,0,0,0,1,23-Mar-2026
72060793958881221,72060793958881221,EQ,,,,SIGHT BORE OPT M150,117,,S45729,A,0,0,0,0,0,1,23-Mar-2026
72060793958881221,72060793958881221,EQ,,,,MASK SYSTEM CHEMICA,117,,M12986,A,0,0,0,0,0,1,23-Mar-2026
72060793958881221,72060793958881221,EQ,,,,BAYONET MULTI SYS M9,117,,B49004,A,0,0,0,0,0,1,23-Mar-2026
72060793958881222,72060793958881213,BL,,,,#1 Human Resources Sergeant,117,E-5,42A2O,,0,0,1,1,0,0,23-Mar-2026
72060793958881222,72060793958881222,EQ,,,,MASK SYSTEM CHEMICA,117,,M12986,A,0,0,0,0,0,1,23-Mar-2026
72060793958881222,72060793958881222,EQ,,,,CARBINE 5.56MILL M4A1,117,,C06935,A,0,0,0,0,0,1,23-Mar-2026
72060793958881222,72060793958881222,EQ,,,,SIGHT REFLEX COLLIMA,117,,S60288,A,0,0,0,0,0,1,23-Mar-2026
72060793958881222,72060793958881222,EQ,,,,BAYONET MULTI SYS M9,117,,B49004,A,0,0,0,0,0,1,23-Mar-2026
72060793958881219,72060793958881213,BL,,,,#2 Human Resources Sergeant,117,E-6,42A3O,,0,0,1,1,0,0,23-Mar-2026
72060793958881219,72060793958881219,EQ,,,,SIGHT REFLEX COLLIMA,117,,S60288,A,0,0,0,0,0,1,23-Mar-2026
72060793958881219,72060793958881219,EQ,,,,MASK SYSTEM CHEMICA,117,,M12986,A,0,0,0,0,0,1,23-Mar-2026
72060793958881219,72060793958881219,EQ,,,,CARBINE 5.56MILL M4A1,117,,C06935,A,0,0,0,0,0,1,23-Mar-2026
72060793958881219,72060793958881219,EQ,,,,BAYONET MULTI SYS M9,117,,B49004,A,0,0,0,0,0,1,23-Mar-2026
72060794020462788,72060793958881213,BL,,,,#3 Human Resources Specialist,117,E-3,42A1O,,0,0,1,1,0,0,23-Mar-2026
72060794020462788,72060794020462788,EQ,,,,MASK SYSTEM CHEMICA,117,,M12986,A,0,0,0,0,0,1,23-Mar-2026
72060794020462788,72060794020462788,EQ,,,,SIGHT REFLEX COLLIMA,117,,S60288,A,0,0,0,0,0,1,23-Mar-2026
72060794020462788,72060794020462788,EQ,,,,CARBINE 5.56MILL M4A1,117,,C06935,A,0,0,0,0,0,1,23-Mar-2026
72060794020462788,72060794020462788,EQ,,,,BAYONET MULTI SYS M9,117,,B49004,A,0,0,0,0,0,1,23-Mar-2026
72060793958881225,72060793958881213,BL,,,,#4 Human Resources Specialist,117,E-4,42A1O,,0,0,1,1,0,0,23-Mar-2026
72060793958881225,72060793958881225,EQ,,,,MASK SYSTEM CHEMICA,117,,M12986,A,0,0,0,0,0,1,23-Mar-2026
72060793958881225,72060793958881225,EQ,,,,SIGHT REFLEX COLLIMA,117,,S60288,A,0,0,0,0,0,1,23-Mar-2026
72060793958881225,72060793958881225,EQ,,,,CARBINE 5.56MILL M4A1,117,,C06935,A,0,0,0,0,0,1,23-Mar-2026
72060793958881225,72060793958881225,EQ,,,,BAYONET MULTI SYS M9,117,,B49004,A,0,0,0,0,0,1,23-Mar-2026
72060793958881213,72060793958881213,EQ,,,,"TRANSFER UNIT,CRYPTOG",117,,C05002,A,0,0,0,0,0,1,23-Mar-2026
72060793958881226,72060793958881127,UN,,,,Sustainment/Technical Team,118,,,,2,0,4,6,0,0,23-Mar-2026
72060793979034426,72060793958881226,BL,,,,Design Engineer,118,O-5,12A00,,1,0,0,1,0,0,23-Mar-2026
72060793979034426,72060793979034426,EQ,,,,MASK SYSTEM CHEMICA,118,,M12986,A,0,0,0,0,0,1,23-Mar-2026
72060793979034426,72060793979034426,EQ,,,,BAYONET MULTI SYS M9,118,,B49004,A,0,0,0,0,0,1,23-Mar-2026
72060793979034426,72060793979034426,EQ,,,,"PISTOL,9MM,SEMIAUTO",118,,P05043,A,0,0,0,0,0,1,23-Mar-2026
72060793958881228,72060793958881226,CR,,,,1st Truck: Light Cargo/Troop,118,,,,0,0,1,1,0,0,23-Mar-2026
72060793958881229,72060793958881228,BL,,,,Technical Engineer Specialist,118,E-4,12T1O,,0,0,1,1,0,0,23-Mar-2026
72060793958881229,72060793958881229,EQ,,,,CARBINE 5.56MILL M4A1,118,,C06935,A,0,0,0,0,0,1,23-Mar-2026
72060793958881229,72060793958881229,EQ,,,,MASK SYSTEM CHEMICA,118,,M12986,A,0,0,0,0,0,1,23-Mar-2026
72060793958881229,72060793958881229,EQ,,,,SIGHT BORE OPT M150,118,,S45729,A,0,0,0,0,0,1,23-Mar-2026
72060793958881229,72060793958881229,EQ,,,,BAYONET MULTI SYS M9,118,,B49004,A,0,0,0,0,0,1,23-Mar-2026
72060793958881228,72060793958881228,EQ,,,,TRK UT EX CAP M1152A1,118,,T37588,A,0,0,0,0,0,1,23-Mar-2026
72060793958881228,72060793958881228,EQ,,,,RADIO SET AN/VRC-90F,118,,R68044,A,0,0,0,0,0,1,23-Mar-2026
72060793958881228,72060793958881228,EQ,,,,NA SE SA AN/PSN-13(A),118,,N96248,A,0,0,0,0,0,1,23-Mar-2026
72060793979034429,72060793958881226,BL,,,,Civil Engineer,118,O-3,12A00,,1,0,0,1,0,0,23-Mar-2026
72060793979034429,72060793979034429,EQ,,,,MASK SYSTEM CHEMICA,118,,M12986,A,0,0,0,0,0,1,23-Mar-2026
72060793979034429,72060793979034429,EQ,,,,SIGHT REFLEX COLLIMA,118,,S60288,A,0,0,0,0,0,1,23-Mar-2026
72060793979034429,72060793979034429,EQ,,,,CARBINE 5.56MILL M4A1,118,,C06935,A,0,0,0,0,0,1,23-Mar-2026
72060793979034429,72060793979034429,EQ,,,,BAYONET MULTI SYS M9,118,,B49004,A,0,0,0,0,0,1,23-Mar-2026
72060793958881231,72060793958881226,CR,,,,2nd Truck: Light Cargo/Troop,118,,,,0,0,1,1,0,0,23-Mar-2026
72060793958881232,72060793958881231,BL,,,,Technical Engineer Specialist,118,E-3,12T1O,,0,0,1,1,0,0,23-Mar-2026
72060793958881232,72060793958881232,EQ,,,,MASK SYSTEM CHEMICA,118,,M12986,A,0,0,0,0,0,1,23-Mar-2026
72060793958881232,72060793958881232,EQ,,,,SIGHT BORE OPT M150,118,,S45729,A,0,0,0,0,0,1,23-Mar-2026
72060793958881232,72060793958881232,EQ,,,,CARBINE 5.56MILL M4A1,118,,C06935,A,0,0,0,0,0,1,23-Mar-2026
72060793958881232,72060793958881232,EQ,,,,BAYONET MULTI SYS M9,118,,B49004,A,0,0,0,0,0,1,23-Mar-2026
72060793958881231,72060793958881231,EQ,,,,NA SE SA AN/PSN-13(A),118,,N96248,A,0,0,0,0,0,1,23-Mar-2026
72060793958881231,72060793958881231,EQ,,,,TRK UT EX CAP M1152A1,118,,T37588,A,0,0,0,0,0,1,23-Mar-2026
72060793958881231,72060793958881231,EQ,,,,RADIO SET AN/VRC-90F,118,,R68044,A,0,0,0,0,0,1,23-Mar-2026
72060793958881233,72060793958881226,BL,,,,Construction Inspector,118,E-8,12X5O,,0,0,1,1,0,0,23-Mar-2026
72060793958881233,72060793958881233,EQ,,,,SIGHT REFLEX COLLIMA,118,,S60288,A,0,0,0,0,0,1,23-Mar-2026
72060793958881233,72060793958881233,EQ,,,,MASK SYSTEM CHEMICA,118,,M12986,A,0,0,0,0,0,1,23-Mar-2026
72060793958881233,72060793958881233,EQ,,,,CARBINE 5.56MILL M4A1,118,,C06935,A,0,0,0,0,0,1,23-Mar-2026
72060793958881233,72060793958881233,EQ,,,,BAYONET MULTI SYS M9,118,,B49004,A,0,0,0,0,0,1,23-Mar-2026
72060793958881234,72060793958881226,CR,,,,Truck: Light Medium Tactical Vehicle (LMTV),118,,,,0,0,0,0,0,0,23-Mar-2026
72060793958881234,72060793958881234,EQ,,,,TRLER FLAT BED M1082,118,,T96564,A,0,0,0,0,0,1,23-Mar-2026
72060793958881234,72060793958881234,EQ,,,,NIGHT VIS G AN/PVS-7A,118,,N05482,A,0,0,0,0,0,2,23-Mar-2026
72060793958881234,72060793958881234,EQ,,,,TRK CG M1078A1P2 WO/W,118,,T59448,A,0,0,0,0,0,1,23-Mar-2026
72060793958881156,72060793958881226,BL,,,,Technical Engineer Sergeant,118,E-5,12T2O,,0,0,1,1,0,0,23-Mar-2026
72060793958881156,72060793958881156,EQ,,,,SIGHT REFLEX COLLIMA,118,,S60288,A,0,0,0,0,0,1,23-Mar-2026
72060793958881156,72060793958881156,EQ,,,,CARBINE 5.56MILL M4A1,118,,C06935,A,0,0,0,0,0,1,23-Mar-2026
72060793958881156,72060793958881156,EQ,,,,MASK SYSTEM CHEMICA,118,,M12986,A,0,0,0,0,0,1,23-Mar-2026
72060793958881156,72060793958881156,EQ,,,,BAYONET MULTI SYS M9,118,,B49004,A,0,0,0,0,0,1,23-Mar-2026
72060793958881226,72060793958881226,EQ,,,,SURV INSTRUMENT ELECT,118,,S03726,A,0,0,0,0,0,2,23-Mar-2026
72060793958881226,72060793958881226,EQ,,,,RADIAC ST AN/UDR-13,118,,R31061,A,0,0,0,0,0,1,23-Mar-2026
72060793958881226,72060793958881226,EQ,,,,RADIAC SET AN/VDR-2,118,,R20684,A,0,0,0,0,0,1,23-Mar-2026
72060793958881226,72060793958881226,EQ,,,,"SURVEYING SET,GENERAL",118,,U70179,A,0,0,0,0,0,2,23-Mar-2026
72060793958881226,72060793958881226,EQ,,,,DTCTR CHMCL AGNT A,118,,J00697,A,0,0,0,0,0,2,23-Mar-2026
72060793958881226,72060793958881226,EQ,,,,"TRANSFER UNIT,CRYPTOG",118,,C05002,A,0,0,0,0,0,1,23-Mar-2026
72060793958881226,72060793958881226,EQ,,,,GEN ST DSL MEP-802A,118,,G11966,A,0,0,0,0,0,2,23-Mar-2026
72060793958881236,72060793958881127,UN,,,,Sustainment/Procurement Team,119,,,,1,0,1,2,0,0,23-Mar-2026
72060793958881237,72060793958881236,BL,,,,Budget Officer,119,O-3,36A00,,1,0,0,1,0,0,23-Mar-2026
72060793958881237,72060793958881237,EQ,,,,CARBINE 5.56MILL M4A1,119,,C06935,A,0,0,0,0,0,1,23-Mar-2026
72060793958881237,72060793958881237,EQ,,,,MASK SYSTEM CHEMICA,119,,M12986,A,0,0,0,0,0,1,23-Mar-2026
72060793958881237,72060793958881237,EQ,,,,SIGHT REFLEX COLLIMA,119,,S60288,A,0,0,0,0,0,1,23-Mar-2026
72060793958881237,72060793958881237,EQ,,,,BAYONET MULTI SYS M9,119,,B49004,A,0,0,0,0,0,1,23-Mar-2026
72060793958881238,72060793958881236,BL,,,,Budget Analyst,119,E-5,36B2O,,0,0,1,1,0,0,23-Mar-2026
72060793958881238,72060793958881238,EQ,,,,SIGHT REFLEX COLLIMA,119,,S60288,A,0,0,0,0,0,1,23-Mar-2026
72060793958881238,72060793958881238,EQ,,,,CARBINE 5.56MILL M4A1,119,,C06935,A,0,0,0,0,0,1,23-Mar-2026
72060793958881238,72060793958881238,EQ,,,,MASK SYSTEM CHEMICA,119,,M12986,A,0,0,0,0,0,1,23-Mar-2026
72060793958881238,72060793958881238,EQ,,,,BAYONET MULTI SYS M9,119,,B49004,A,0,0,0,0,0,1,23-Mar-2026
72060793958881239,72060793958881127,UN,,,,Sustainment/Brigade Surgeon,120,,,,4,0,3,7,0,0,23-Mar-2026
72060793958881240,72060793958881239,BL,,,,Field Surgeon,120,O-3,62B00,,1,0,0,1,0,0,23-Mar-2026
72060793958881240,72060793958881240,EQ,,,,MASK SYSTEM CHEMICA,120,,M12986,A,0,0,0,0,0,1,23-Mar-2026
72060793958881240,72060793958881240,EQ,,,,"PISTOL,9MM,SEMIAUTO",120,,P05043,A,0,0,0,0,0,1,23-Mar-2026
72060793958881241,72060793958881239,BL,,,,Medical Operations Officer,120,O-3,70H,,1,0,0,1,0,0,23-Mar-2026
72060793958881241,72060793958881241,EQ,,,,MASK SYSTEM CHEMICA,120,,M12986,A,0,0,0,0,0,1,23-Mar-2026
72060793958881241,72060793958881241,EQ,,,,SIGHT REFLEX COLLIMA,120,,S60288,A,0,0,0,0,0,1,23-Mar-2026
72060793958881241,72060793958881241,EQ,,,,CARBINE 5.56MILL M4A1,120,,C06935,A,0,0,0,0,0,1,23-Mar-2026
72060793958881242,72060793958881239,BL,,,,Senior Health Care Non-commissioned Officer (NCO),120,E-8,68W5O,,0,0,1,1,0,0,23-Mar-2026
72060793958881242,72060793958881242,EQ,,,,SIGHT REFLEX COLLIMA,120,,S60288,A,0,0,0,0,0,1,23-Mar-2026
72060793958881242,72060793958881242,EQ,,,,CARBINE 5.56MILL M4A1,120,,C06935,A,0,0,0,0,0,1,23-Mar-2026
72060793958881242,72060793958881242,EQ,,,,MASK SYSTEM CHEMICA,120,,M12986,A,0,0,0,0,0,1,23-Mar-2026
72060793979034442,72060793958881239,UN,,,,Behavioral Health,120,,,,2,0,2,4,0,0,23-Mar-2026
72060793979034445,72060793979034442,BL,,,,#1 Behavioral Science Officer,120,O-3,67D00,,1,0,0,1,0,0,23-Mar-2026
72060793979034445,72060793979034445,EQ,,,,CARBINE 5.56MILL M4A1,120,,C06935,A,0,0,0,0,0,1,23-Mar-2026
72060793979034445,72060793979034445,EQ,,,,SIGHT REFLEX COLLIMA,120,,S60288,A,0,0,0,0,0,1,23-Mar-2026
72060793979034445,72060793979034445,EQ,,,,MASK SYSTEM CHEMICA,120,,M12986,A,0,0,0,0,0,1,23-Mar-2026
72060793979034446,72060793979034442,BL,,,,#2 Behavioral Science Officer,120,O-3,67D00,,1,0,0,1,0,0,23-Mar-2026
72060793979034446,72060793979034446,EQ,,,,CARBINE 5.56MILL M4A1,120,,C06935,A,0,0,0,0,0,1,23-Mar-2026
72060793979034446,72060793979034446,EQ,,,,SIGHT REFLEX COLLIMA,120,,S60288,A,0,0,0,0,0,1,23-Mar-2026
72060793979034446,72060793979034446,EQ,,,,MASK SYSTEM CHEMICA,120,,M12986,A,0,0,0,0,0,1,23-Mar-2026
72060793979034444,72060793979034442,BL,,,,Behavioral Health Non-commissioned Officer (NCO),120,E-5,68X2O,,0,0,1,1,0,0,23-Mar-2026
72060793979034444,72060793979034444,EQ,,,,CARBINE 5.56MILL M4A1,120,,C06935,A,0,0,0,0,0,1,23-Mar-2026
72060793979034444,72060793979034444,EQ,,,,MASK SYSTEM CHEMICA,120,,M12986,A,0,0,0,0,0,1,23-Mar-2026
72060793979034444,72060793979034444,EQ,,,,SIGHT REFLEX COLLIMA,120,,S60288,A,0,0,0,0,0,1,23-Mar-2026
72060793979034443,72060793979034442,BL,,,,Behavioral Health Specialist,120,E-4,68X1O,,0,0,1,1,0,0,23-Mar-2026
72060793979034443,72060793979034443,EQ,,,,MASK SYSTEM CHEMICA,120,,M12986,A,0,0,0,0,0,1,23-Mar-2026
72060793979034443,72060793979034443,EQ,,,,SIGHT REFLEX COLLIMA,120,,S60288,A,0,0,0,0,0,1,23-Mar-2026
72060793979034443,72060793979034443,EQ,,,,CARBINE 5.56MILL M4A1,120,,C06935,A,0,0,0,0,0,1,23-Mar-2026
72060793979034442,72060793979034442,EQ,,,,COM SY AN/TYQ-108(V)3,120,,C27639,A,0,0,0,0,0,1,23-Mar-2026
72060793979034442,72060793979034442,EQ,,,,COMPUTR SET DIGITA,120,,C18345,A,0,0,0,0,0,1,23-Mar-2026
72060793958881243,72060793958881127,UN,,,,Sustainment/Medical,121,,,,1,0,3,4,0,0,23-Mar-2026
72060793958881244,72060793958881243,BL,,,,Physician Assistant (PA),121,O-2,65D00,,1,0,0,1,0,0,23-Mar-2026
72060793958881244,72060793958881244,EQ,,,,MASK SYSTEM CHEMICA,121,,M12986,A,0,0,0,0,0,1,23-Mar-2026
72060793958881244,72060793958881244,EQ,,,,"PISTOL,9MM,SEMIAUTO",121,,P05043,A,0,0,0,0,0,1,23-Mar-2026
72060793958881245,72060793958881243,CR,,,,Truck: Light Medium Tactical Vehicle (LMTV),121,,,,0,0,1,1,0,0,23-Mar-2026
72060794020462819,72060793958881245,BL,,,,Health Care Specialist,121,E-3,68W1O,,0,0,1,1,0,0,23-Mar-2026
72060794020462819,72060794020462819,EQ,,,,SIGHT REFLEX COLLIMA,121,,S60288,A,0,0,0,0,0,1,23-Mar-2026
72060794020462819,72060794020462819,EQ,,,,MASK SYSTEM CHEMICA,121,,M12986,A,0,0,0,0,0,1,23-Mar-2026
72060794020462819,72060794020462819,EQ,,,,CARBINE 5.56MILL M4A1,121,,C06935,A,0,0,0,0,0,1,23-Mar-2026
72060793958881245,72060793958881245,EQ,,,,RADIO SET AN/VRC-92F,121,,R45543,A,0,0,0,0,0,1,23-Mar-2026
72060793958881245,72060793958881245,EQ,,,,TRLER FLAT BED M1082,121,,T96564,A,0,0,0,0,0,1,23-Mar-2026
72060793958881245,72060793958881245,EQ,,,,NA SE SA AN/PSN-13(A),121,,N96248,A,0,0,0,0,0,1,23-Mar-2026
72060793958881245,72060793958881245,EQ,,,,POWER SUPPLY,121,,P40750,A,0,0,0,0,0,1,23-Mar-2026
72060793958881245,72060793958881245,EQ,,,,NIGHT VIS G AN/PVS-7A,121,,N05482,A,0,0,0,0,0,2,23-Mar-2026
72060793958881245,72060793958881245,EQ,,,,TRK CG M1078A1P2 WO/W,121,,T59448,A,0,0,0,0,0,1,23-Mar-2026
72060793958881245,72060793958881245,EQ,,,,ANT GRP OE-254()/GRC,121,,A79381,A,0,0,0,0,0,1,23-Mar-2026
72060793958881247,72060793958881243,BL,,,,Health Care Sergeant,121,E-6,68W3O,,0,0,1,1,0,0,23-Mar-2026
72060793958881247,72060793958881247,EQ,,,,CARBINE 5.56MILL M4A1,121,,C06935,A,0,0,0,0,0,1,23-Mar-2026
72060793958881247,72060793958881247,EQ,,,,SIGHT REFLEX COLLIMA,121,,S60288,A,0,0,0,0,0,1,23-Mar-2026
72060793958881247,72060793958881247,EQ,,,,MASK SYSTEM CHEMICA,121,,M12986,A,0,0,0,0,0,1,23-Mar-2026
72060793958881248,72060793958881243,BL,,,,Health Care Specialist,121,E-3,68W1O,,0,0,1,1,0,0,23-Mar-2026
72060793958881248,72060793958881248,EQ,,,,MASK SYSTEM CHEMICA,121,,M12986,A,0,0,0,0,0,1,23-Mar-2026
72060793958881248,72060793958881248,EQ,,,,SIGHT REFLEX COLLIMA,121,,S60288,A,0,0,0,0,0,1,23-Mar-2026
72060793958881248,72060793958881248,EQ,,,,CARBINE 5.56MILL M4A1,121,,C06935,A,0,0,0,0,0,1,23-Mar-2026
72060793958881243,72060793958881243,EQ,,,,DEFIBRILLATOR/MONITOR,121,,A05034,A,0,0,0,0,0,1,23-Mar-2026
72060793958881243,72060793958881243,EQ,,,,MEDICAL EQUIPMENT SET,121,,M30499,A,0,0,0,0,0,1,23-Mar-2026
72060793958881243,72060793958881243,EQ,,,,MEDICAL EQUIPMENT SET,121,,M23673,A,0,0,0,0,0,1,23-Mar-2026
72060793958881243,72060793958881243,EQ,,,,RADIAC SET AN/VDR-2,121,,R20684,A,0,0,0,0,0,1,23-Mar-2026
72060793958881243,72060793958881243,EQ,,,,MES CHEM AGT PA DECON,121,,M25865,A,0,0,0,0,0,1,23-Mar-2026
72060793958881243,72060793958881243,EQ,,,,GEN SET DED MEP 831,121,,G18358,A,0,0,0,0,0,1,23-Mar-2026
72060793958881243,72060793958881243,EQ,,,,ANT GRP OE-254()/GRC,121,,A79381,A,0,0,0,0,0,1,23-Mar-2026
72060793958881243,72060793958881243,EQ,,,,RADIAC ST AN/UDR-13,121,,R31061,A,0,0,0,0,0,1,23-Mar-2026
72060793958881243,72060793958881243,EQ,,,,COMPUTR SET DIGITA,121,,C18345,A,0,0,0,0,0,1,23-Mar-2026
72060793958881243,72060793958881243,EQ,,,,"VENTILATOR,VOLUME,POR",121,,V05006,A,0,0,0,0,0,1,23-Mar-2026
72060793958881243,72060793958881243,EQ,,,,"TRANSFER UNIT,CRYPTOG",121,,C05002,A,0,0,0,0,0,1,23-Mar-2026
72060793958881243,72060793958881243,EQ,,,,"SUCTION APPARATUS,SUR",121,,S05058,A,0,0,0,0,0,2,23-Mar-2026
72060793958881243,72060793958881243,EQ,,,,"SUCTION APPARATUS,SUR",121,,S05058,A,0,0,0,0,0,2,23-Mar-2026
72060793958881249,72060793958881127,UN,,,,Sustainment/Staff Judge Advocate (SJA),122,,,,1,0,2,3,0,0,23-Mar-2026
72060793958881250,72060793958881249,BL,,,,Trial Counsel,122,O-3,27A00,,1,0,0,1,0,0,23-Mar-2026
72060793958881250,72060793958881250,EQ,,,,MASK SYSTEM CHEMICA,122,,M12986,A,0,0,0,0,0,1,23-Mar-2026
72060793958881250,72060793958881250,EQ,,,,SIGHT REFLEX COLLIMA,122,,S60288,A,0,0,0,0,0,1,23-Mar-2026
72060793958881250,72060793958881250,EQ,,,,CARBINE 5.56MILL M4A1,122,,C06935,A,0,0,0,0,0,1,23-Mar-2026
72060793958881250,72060793958881250,EQ,,,,BAYONET MULTI SYS M9,122,,B49004,A,0,0,0,0,0,1,23-Mar-2026
72060793958881251,72060793958881249,BL,,,,Paralegal Specialist,122,E-3,27D1O,,0,0,1,1,0,0,23-Mar-2026
72060793958881251,72060793958881251,EQ,,,,CARBINE 5.56MILL M4A1,122,,C06935,A,0,0,0,0,0,1,23-Mar-2026
72060793958881251,72060793958881251,EQ,,,,SIGHT REFLEX COLLIMA,122,,S60288,A,0,0,0,0,0,1,23-Mar-2026
72060793958881251,72060793958881251,EQ,,,,MASK SYSTEM CHEMICA,122,,M12986,A,0,0,0,0,0,1,23-Mar-2026
72060793958881251,72060793958881251,EQ,,,,BAYONET MULTI SYS M9,122,,B49004,A,0,0,0,0,0,1,23-Mar-2026
72060793958881252,72060793958881249,BL,,,,Paralegal Non-commissioned Officer (NCO),122,E-6,27D3O,,0,0,1,1,0,0,23-Mar-2026
72060793958881252,72060793958881252,EQ,,,,MASK SYSTEM CHEMICA,122,,M12986,A,0,0,0,0,0,1,23-Mar-2026
72060793958881252,72060793958881252,EQ,,,,CARBINE 5.56MILL M4A1,122,,C06935,A,0,0,0,0,0,1,23-Mar-2026
72060793958881252,72060793958881252,EQ,,,,SIGHT REFLEX COLLIMA,122,,S60288,A,0,0,0,0,0,1,23-Mar-2026
72060793958881252,72060793958881252,EQ,,,,BAYONET MULTI SYS M9,122,,B49004,A,0,0,0,0,0,1,23-Mar-2026
72060793958881253,72060793958881127,UN,,,,Sustainment/Unit Ministry Team (UMT),123,,,,1,0,1,2,0,0,23-Mar-2026
72060793958881254,72060793958881253,BL,,,,Chaplain,123,O-4,56A00,,1,0,0,1,0,0,23-Mar-2026
72060793958881254,72060793958881254,EQ,,,,MASK SYSTEM CHEMICA,123,,M12986,A,0,0,0,0,0,1,23-Mar-2026
72060793958881255,72060793958881253,CR,,,,Truck: Light Cargo/Troop,123,,,,0,0,1,1,0,0,23-Mar-2026
72060793958881256,72060793958881255,BL,,,,Religious Affairs Non-commissioned Officer (NCO),123,E-6,56M3O,,0,0,1,1,0,0,23-Mar-2026
72060793958881256,72060793958881256,EQ,,,,CARBINE 5.56MILL M4A1,123,,C06935,A,0,0,0,0,0,1,23-Mar-2026
72060793958881256,72060793958881256,EQ,,,,MASK SYSTEM CHEMICA,123,,M12986,A,0,0,0,0,0,1,23-Mar-2026
72060793958881256,72060793958881256,EQ,,,,SIGHT REFLEX COLLIMA,123,,S60288,A,0,0,0,0,0,1,23-Mar-2026
72060793958881256,72060793958881256,EQ,,,,BAYONET MULTI SYS M9,123,,B49004,A,0,0,0,0,0,1,23-Mar-2026
72060793958881255,72060793958881255,EQ,,,,NA SE SA AN/PSN-13(A),123,,N96248,A,0,0,0,0,0,1,23-Mar-2026
72060793958881255,72060793958881255,EQ,,,,NIGHT VIS G AN/PVS-7A,123,,N05482,A,0,0,0,0,0,2,23-Mar-2026
72060793958881255,72060793958881255,EQ,,,,TRK UT EX CAP M1152A1,123,,T37588,A,0,0,0,0,0,1,23-Mar-2026
72060793958881255,72060793958881255,EQ,,,,RADIO SET AN/VRC-90F,123,,R68044,A,0,0,0,0,0,1,23-Mar-2026
72060793958881253,72060793958881253,EQ,,,,"TRANSFER UNIT,CRYPTOG",123,,C05002,A,0,0,0,0,0,1,23-Mar-2026
